classe,banda,centro_hz,delta_banda_db,delta_linha_max_db,diluicao_db,fracao_energia_linhas,n_linhas
bpfi_0.3mm,0,102.90155480695668,1.6347355369797807,-1.094374067232076,-2.7291096042118568,0.0002847298191286461,1
bpfi_0.3mm,1,195.34848154365082,2.269449886116345,16.32884413122951,14.059394245113165,0.17813570646774424,3
bpfi_0.3mm,2,298.4398443408962,2.7852173430425147,29.599572296947862,26.814354953905347,0.38521690308531886,4
bpfi_0.3mm,3,413.4012547257241,1.0301232065950396,29.599572296947862,28.569449090352823,0.22471628792202225,5
bpfi_0.3mm,4,541.5994424212507,1.5392958510278794,29.316313647739417,27.777017796711537,0.40528819407416106,5
bpfi_0.3mm,5,684.5585038437124,7.812364429691128,39.01140217342413,31.199037743733,0.8633930624597412,5
bpfi_0.3mm,6,843.9780214684869,11.009774610668222,39.01140217342413,28.001627562755907,0.8876671227520955,6
bpfi_0.3mm,7,1021.7532694789126,15.339747356747162,41.10942180913064,25.769674452383477,0.9534298532999551,7
bpfi_0.3mm,8,1219.997745914695,19.68720269049517,44.47976483350429,24.79256214300912,0.9859286006311897,8
bpfi_0.3mm,9,1441.0682991955011,2.817542114260934,44.47976483350429,41.66222271924336,0.6689337444687451,9
bpfi_0.3mm,10,1687.593147738826,6.311819509771901,39.823262513665384,33.51144300389348,0.8078602074709924,10
bpfi_0.3mm,11,1962.503125786027,10.268481377258675,47.98383465587313,37.71535327861446,0.898020967286799,11
bpfi_0.3mm,12,2269.066526905533,14.925052381497068,47.98383465587313,33.058782274376064,0.9557690009432057,12
bpfi_0.3mm,13,2610.9279594135337,11.182183754354122,40.00012504818059,28.817941293826472,0.821594010788035,13
bpfi_0.3mm,14,2992.151675648542,6.946926645114264,43.43828868915764,36.49136204404337,0.7790801904928555,15
bpfi_0.3mm,15,3417.2698902240636,17.997545774324234,53.86416437744071,35.86661860311648,0.7980129514634405,17
bpfi_0.3mm,16,3891.3366616955122,10.7044149692598,53.86416437744071,43.15974940818091,0.7054123580494198,19
bpfi_0.3mm,17,4419.9879782187645,6.495057500724886,48.303425311879316,41.80836781115443,0.48583139927196206,21
bpfi_0.3mm,18,5009.5087615344055,9.674499642617793,48.77650203097842,39.10200238836063,0.761629821545373,23
bpfi_0.3mm,19,5666.907585860997,7.064738717065301,48.77650203097842,41.71176331391312,0.720055800558671,26
bpfi_1.0mm,0,102.90155480695668,-0.7882840878928511,12.09964207229727,12.887926160190121,0.00039216681848000003,1
bpfi_1.0mm,1,195.34848154365082,5.590349396534724,27.330191656740148,21.739842260205425,0.6568417062645661,3
bpfi_1.0mm,2,298.4398443408962,5.353462678800318,27.330191656740148,21.97672897793983,0.5062809661527098,4
bpfi_1.0mm,3,413.4012547257241,2.3354868318756963,34.534612299812636,32.19912546793694,0.44934790504421873,5
bpfi_1.0mm,4,541.5994424212507,5.706979234241589,34.534612299812636,28.827633065571046,0.6579207258391849,5
bpfi_1.0mm,5,684.5585038437124,21.238487517722614,52.66698595061772,31.428498432895108,0.988119823316826,5
bpfi_1.0mm,6,843.9780214684869,25.539202109043103,52.66698595061772,27.12778384157462,0.9921725076213118,6
bpfi_1.0mm,7,1021.7532694789126,21.635851776671537,51.35753246820505,29.721680691533514,0.9748655123011591,7
bpfi_1.0mm,8,1219.997745914695,27.33984492613915,50.54172174024413,23.201876814104978,0.9880854262630797,8
bpfi_1.0mm,9,1441.0682991955011,8.554361924875117,50.54172174024413,41.98735981536901,0.9212998077119342,9
bpfi_1.0mm,10,1687.593147738826,13.363103793077746,49.905055295126814,36.541951502049066,0.9428425759301526,10
bpfi_1.0mm,11,1962.503125786027,19.119092463162403,58.266987691206964,39.14789522804456,0.9653014234210906,11
bpfi_1.0mm,12,2269.066526905533,24.031475389643226,58.266987691206964,34.23551230156374,0.9688372598052655,12
bpfi_1.0mm,13,2610.9279594135337,15.93990599212215,48.395304202291214,32.455398210169065,0.9171403769481343,13
bpfi_1.0mm,14,2992.151675648542,9.527077738995025,42.2337719224383,32.706694183443275,0.7436030322330404,15
bpfi_1.0mm,15,3417.2698902240636,14.104568947109048,43.5190295355967,29.414460588487653,0.7499634478467796,17
bpfi_1.0mm,16,3891.3366616955122,4.386543201025904,43.5190295355967,39.1324863345708,0.2660199019217814,19
bpfi_1.0mm,17,4419.9879782187645,4.289695340547553,36.371408793785434,32.08171345323788,0.21960872073405707,21
bpfi_1.0mm,18,5009.5087615344055,8.716508999233028,44.275126293797335,35.55861729456431,0.499970338459288,23
bpfi_1.0mm,19,5666.907585860997,7.288266805712568,44.275126293797335,36.98685948808477,0.4554122225688524,26
bpfo_0.3mm,0,102.90155480695668,-1.3141492188210542,7.188172940808926,8.50232215962998,0.011439279529828998,1
bpfo_0.3mm,1,195.34848154365082,2.2610404796793144,7.188172940808926,4.927132461129611,0.14556280153341516,1
bpfo_0.3mm,2,298.4398443408962,2.0828738217824014,30.207454071109524,28.124580249327124,0.35290207174919364,1
bpfo_0.3mm,3,413.4012547257241,2.856889498957494,30.207454071109524,27.35056457215203,0.5913631158557577,1
bpfo_0.3mm,4,541.5994424212507,-0.19296212322414244,23.893080974488583,24.086043097712725,0.1079995556542077,1
bpfo_0.3mm,5,684.5585038437124,13.783403449550686,48.182127618413084,34.3987241688624,0.940798138145354,2
bpfo_0.3mm,6,843.9780214684869,11.006679779044317,48.182127618413084,37.175447839368765,0.6931501578240127,2
bpfo_0.3mm,7,1021.7532694789126,5.406513865545499,33.46636898165542,28.059855116109922,0.5917867078172148,2
bpfo_0.3mm,8,1219.997745914695,8.563530886380937,41.58568954111967,33.02215865473873,0.8842248434737061,2
bpfo_0.3mm,9,1441.0682991955011,-2.4919974949207324,41.58568954111967,44.0776870360404,0.12185798989477514,3
bpfo_0.3mm,10,1687.593147738826,-0.8924116272654792,32.03076921530037,32.92318084256585,0.33230580891229217,3
bpfo_0.3mm,11,1962.503125786027,-0.24626141219525444,36.42717394943809,36.673435361633345,0.5992984974278819,3
bpfo_0.3mm,12,2269.066526905533,-0.8871642475234759,39.32351175866013,40.21067600618361,0.47172920651774886,4
bpfo_0.3mm,13,2610.9279594135337,3.6922436123405733,39.32351175866013,35.631268146319556,0.4016866317875243,4
bpfo_0.3mm,14,2992.151675648542,2.050259747726393,29.033440098978996,26.983180351252603,0.12486664564954064,4
bpfo_0.3mm,15,3417.2698902240636,2.515216737096751,30.341886063283457,27.826669326186707,0.14928867359263623,5
bpfo_0.3mm,16,3891.3366616955122,-0.07444632885619983,30.341886063283457,30.41633239213966,0.07171310424920507,6
bpfo_0.3mm,17,4419.9879782187645,-0.8154721200900175,28.586517126828788,29.401989246918806,0.025170402916080043,6
bpfo_0.3mm,18,5009.5087615344055,-0.7145929346667503,27.15443498751066,27.86902792217741,0.07811202851801434,7
bpfo_0.3mm,19,5666.907585860997,-0.024347812209154926,27.15443498751066,27.178782799719812,0.058668556748052096,8
bpfo_1.0mm,0,102.90155480695668,0.9872151203549038,30.276423271799313,29.28920815144441,0.07525799577499438,1
bpfo_1.0mm,1,195.34848154365082,7.018967371913134,30.276423271799313,23.25745589988618,0.5765310013707854,1
bpfo_1.0mm,2,298.4398443408962,14.47792191459385,50.52574470178407,36.04782278719022,0.9344120549663476,1
bpfo_1.0mm,3,413.4012547257241,17.54119903379294,50.52574470178407,32.98454566799113,0.9740811814097874,1
bpfo_1.0mm,4,541.5994424212507,11.62243911797403,42.88438649357999,31.261947375605956,0.9335360728986359,1
bpfo_1.0mm,5,684.5585038437124,19.95432310452876,55.54334514062652,35.58902203609776,0.9687896496636775,2
bpfo_1.0mm,6,843.9780214684869,27.31513816160655,65.76897036270206,38.45383220109551,0.9842986059192365,2
bpfo_1.0mm,7,1021.7532694789126,28.31061476313323,65.76897036270206,37.45835559956883,0.9790980102619562,2
bpfo_1.0mm,8,1219.997745914695,36.82568747659803,74.57124441002726,37.745556933429235,0.9950731636978026,2
bpfo_1.0mm,9,1441.0682991955011,16.034463005504186,74.57124441002726,58.536781404523076,0.9769579167587434,3
bpfo_1.0mm,10,1687.593147738826,17.02453819939551,54.90999355947012,37.8854553600746,0.8648588925659196,3
bpfo_1.0mm,11,1962.503125786027,15.719518694917111,58.17513425110762,42.45561555619051,0.9583312871143339,3
bpfo_1.0mm,12,2269.066526905533,17.486112066223527,58.17513425110762,40.689022184884095,0.9482368705077875,4
bpfo_1.0mm,13,2610.9279594135337,16.50315248509362,52.320951787596954,35.81779930250333,0.8955239764045038,4
bpfo_1.0mm,14,2992.151675648542,16.642457183650272,46.76200055820711,30.11954337455684,0.8408807961202335,4
bpfo_1.0mm,15,3417.2698902240636,17.739302442023735,45.59292439691799,27.85362195489425,0.5385847480099458,5
bpfo_1.0mm,16,3891.3366616955122,8.626993984537354,44.287025223779594,35.660031239242244,0.23025349184481533,6
bpfo_1.0mm,17,4419.9879782187645,6.51145682746176,41.64045301291176,35.128996185450006,0.19762705068155093,6
bpfo_1.0mm,18,5009.5087615344055,4.713361325532734,41.64045301291176,36.92709168737903,0.24192654472396086,6
bpfo_1.0mm,19,5666.907585860997,4.742660409664477,37.53066707580096,32.78800666613648,0.13590691740818792,7
