sensor,classe,familia,banda_lo_hz,banda_hi_hz,sk_max,janela_sk,f0_envelope_hz,f_cinematica_hz,snr_cinematica_db,f_audio_hz,snr_audio_db,theta_efetivo_deg
vib_col0,normal,BPFO,500.0,2500.0,0.661,512,176.147,179.546,-0.11,183.01999999999998,3.16,
vib_col0,normal,BPFI,500.0,2500.0,0.661,512,266.3,272.254,-0.18,268.28999999999996,2.14,
vib_col0,bpfi_0.3mm,BPFI,7800.0,9800.0,8.008,64,268.49,272.254,-0.06,268.33,49.56,
vib_col0,bpfi_1.0mm,BPFI,4600.0,6600.0,4.112,64,268.362,272.254,-3.61,268.25,48.49,
vib_col0,bpfo_0.3mm,BPFO,10200.0,11520.0,2.363,64,181.529,179.546,2.6,182.65,11.31,16.8
vib_col0,bpfo_1.0mm,BPFO,1850.0,3850.0,3.531,512,183.616,179.546,-0.9,183.39,57.17,24.2
vib_col1,normal,BPFO,3200.0,5200.0,0.564,256,183.348,179.546,-0.22,183.01999999999998,2.41,
vib_col1,normal,BPFI,3200.0,5200.0,0.564,256,274.526,272.254,0.8,268.28999999999996,1.82,
vib_col1,bpfi_0.3mm,BPFI,9400.0,11400.0,8.248,64,268.49,272.254,-0.63,268.33,49.33,
vib_col1,bpfi_1.0mm,BPFI,5400.0,7400.0,3.742,64,268.362,272.254,-0.6,268.25,38.98,
vib_col1,bpfo_0.3mm,BPFO,8600.0,10600.0,2.425,64,181.529,179.546,2.16,182.65,11.44,16.8
vib_col1,bpfo_1.0mm,BPFO,5400.0,7400.0,3.003,64,183.616,179.546,-1.68,183.39,41.22,24.2
vib_col2,normal,BPFO,500.0,2500.0,0.923,512,175.75,179.546,-1.64,183.01999999999998,2.3,
vib_col2,normal,BPFI,500.0,2500.0,0.923,512,266.303,272.254,0.35,268.28999999999996,2.54,
vib_col2,bpfi_0.3mm,BPFI,9800.0,11520.0,2.089,64,268.49,272.254,-0.14,268.33,36.61,
vib_col2,bpfi_1.0mm,BPFI,9800.0,11520.0,1.339,64,268.365,272.254,0.97,268.25,31.0,
vib_col2,bpfo_0.3mm,BPFO,600.0,2600.0,0.993,64,181.529,179.546,4.73,182.65,10.65,16.8
vib_col2,bpfo_1.0mm,BPFO,600.0,2600.0,1.665,64,183.616,179.546,6.24,183.39,47.09,24.2
vib_col3,normal,BPFO,500.0,2500.0,0.512,512,193.972,179.546,-0.28,183.01999999999998,0.07,
vib_col3,normal,BPFI,500.0,2500.0,0.512,512,260.486,272.254,0.0,268.28999999999996,-0.67,
vib_col3,bpfi_0.3mm,BPFI,4600.0,6600.0,1.414,64,268.49,272.254,0.14,268.33,36.6,
vib_col3,bpfi_1.0mm,BPFI,2850.0,4850.0,0.79,512,268.358,272.254,-0.48,268.25,21.06,
vib_col3,bpfo_0.3mm,BPFO,9800.0,11520.0,0.655,64,177.037,179.546,5.8,182.65,-1.23,nan
vib_col3,bpfo_1.0mm,BPFO,10400.0,11520.0,0.418,128,179.5,179.546,12.0,183.39,4.52,nan
audio,normal,BPFO,13700.0,15700.0,5.677,512,174.808,179.546,0.47,183.01999999999998,4.92,
audio,normal,BPFI,13700.0,15700.0,5.677,512,275.236,272.254,8.76,268.28999999999996,5.48,
audio,bpfi_0.3mm,BPFI,19800.0,21800.0,8.917,64,268.317,272.254,1.86,268.33,42.76,
audio,bpfi_1.0mm,BPFI,19800.0,21800.0,7.267,64,268.253,272.254,0.21,268.25,34.13,
audio,bpfo_0.3mm,BPFO,9400.0,11400.0,4.079,256,174.841,179.546,4.87,182.65,1.18,nan
audio,bpfo_1.0mm,BPFO,17400.0,19400.0,4.153,128,183.399,179.546,0.75,183.39,34.69,23.5
