n_mels,banda,centro_hz,classe,delta_db,d_cohen
20,0,102.9,bpfi_0.3mm,0.434,0.293
20,0,102.9,bpfi_1.0mm,-0.082,-0.064
20,0,102.9,bpfo_0.3mm,-0.695,-0.547
20,0,102.9,bpfo_1.0mm,0.426,0.377
20,1,195.3,bpfi_0.3mm,1.469,1.911
20,1,195.3,bpfi_1.0mm,4.275,8.626
20,1,195.3,bpfo_0.3mm,1.312,1.645
20,1,195.3,bpfo_1.0mm,6.222,14.384
20,2,298.4,bpfi_0.3mm,2.505,4.208
20,2,298.4,bpfi_1.0mm,6.031,15.819
20,2,298.4,bpfo_0.3mm,2.240,4.887
20,2,298.4,bpfo_1.0mm,12.818,42.349
20,3,413.4,bpfi_0.3mm,1.617,3.554
20,3,413.4,bpfi_1.0mm,2.644,7.889
20,3,413.4,bpfo_0.3mm,3.528,10.384
20,3,413.4,bpfo_1.0mm,18.908,64.893
20,4,541.6,bpfi_0.3mm,1.698,4.993
20,4,541.6,bpfi_1.0mm,5.949,17.830
20,4,541.6,bpfo_0.3mm,-0.148,-0.376
20,4,541.6,bpfo_1.0mm,12.246,44.117
20,5,684.6,bpfi_0.3mm,6.970,13.366
20,5,684.6,bpfi_1.0mm,19.890,36.887
20,5,684.6,bpfo_0.3mm,14.034,27.276
20,5,684.6,bpfo_1.0mm,20.251,38.929
20,6,844.0,bpfi_0.3mm,11.383,28.529
20,6,844.0,bpfi_1.0mm,25.822,59.420
20,6,844.0,bpfo_0.3mm,12.008,31.026
20,6,844.0,bpfo_1.0mm,27.045,68.618
20,7,1021.8,bpfi_0.3mm,14.592,44.947
20,7,1021.8,bpfi_1.0mm,21.996,80.236
20,7,1021.8,bpfo_0.3mm,5.957,18.316
20,7,1021.8,bpfo_1.0mm,29.574,101.894
20,8,1220.0,bpfi_0.3mm,19.261,104.424
20,8,1220.0,bpfi_1.0mm,26.888,138.757
20,8,1220.0,bpfo_0.3mm,8.183,40.412
20,8,1220.0,bpfo_1.0mm,36.356,194.239
20,9,1441.1,bpfi_0.3mm,3.422,30.396
20,9,1441.1,bpfi_1.0mm,9.506,82.106
20,9,1441.1,bpfo_0.3mm,-2.631,-17.572
20,9,1441.1,bpfo_1.0mm,17.405,144.651
20,10,1687.6,bpfi_0.3mm,3.732,31.749
20,10,1687.6,bpfi_1.0mm,10.380,90.283
20,10,1687.6,bpfo_0.3mm,-2.030,-14.211
20,10,1687.6,bpfo_1.0mm,14.291,129.736
20,11,1962.5,bpfi_0.3mm,10.148,51.156
20,11,1962.5,bpfi_1.0mm,19.030,98.447
20,11,1962.5,bpfo_0.3mm,0.178,0.717
20,11,1962.5,bpfo_1.0mm,16.205,85.114
20,12,2269.1,bpfi_0.3mm,15.313,79.437
20,12,2269.1,bpfi_1.0mm,24.476,123.972
20,12,2269.1,bpfo_0.3mm,-0.531,-2.530
20,12,2269.1,bpfo_1.0mm,18.249,101.978
20,13,2610.9,bpfi_0.3mm,12.970,77.022
20,13,2610.9,bpfi_1.0mm,19.292,112.387
20,13,2610.9,bpfo_0.3mm,3.730,20.221
20,13,2610.9,bpfo_1.0mm,16.785,97.225
20,14,2992.2,bpfi_0.3mm,6.532,39.670
20,14,2992.2,bpfi_1.0mm,9.400,61.329
20,14,2992.2,bpfo_0.3mm,1.855,10.357
20,14,2992.2,bpfo_1.0mm,16.732,115.501
20,15,3417.3,bpfi_0.3mm,17.678,102.597
20,15,3417.3,bpfi_1.0mm,14.207,77.778
20,15,3417.3,bpfo_0.3mm,2.560,16.599
20,15,3417.3,bpfo_1.0mm,18.026,123.878
20,16,3891.3,bpfi_0.3mm,12.261,85.379
20,16,3891.3,bpfi_1.0mm,5.420,18.665
20,16,3891.3,bpfo_0.3mm,0.659,4.754
20,16,3891.3,bpfo_1.0mm,9.878,63.190
20,17,4420.0,bpfi_0.3mm,7.663,45.637
20,17,4420.0,bpfi_1.0mm,4.885,25.868
20,17,4420.0,bpfo_0.3mm,-0.857,-5.447
20,17,4420.0,bpfo_1.0mm,7.176,33.309
20,18,5009.5,bpfi_0.3mm,9.728,54.826
20,18,5009.5,bpfi_1.0mm,8.717,40.499
20,18,5009.5,bpfo_0.3mm,-0.660,-3.701
20,18,5009.5,bpfo_1.0mm,4.741,26.786
20,19,5666.9,bpfi_0.3mm,7.396,40.654
20,19,5666.9,bpfi_1.0mm,7.610,37.604
20,19,5666.9,bpfo_0.3mm,0.121,0.651
20,19,5666.9,bpfo_1.0mm,5.003,26.699
40,0,61.3,bpfi_0.3mm,0.461,0.285
40,0,61.3,bpfi_1.0mm,0.128,0.090
40,0,61.3,bpfo_0.3mm,-0.534,-0.380
40,0,61.3,bpfo_1.0mm,0.512,0.405
40,1,105.0,bpfi_0.3mm,0.457,0.486
40,1,105.0,bpfi_1.0mm,-1.306,-1.825
40,1,105.0,bpfo_0.3mm,-1.788,-2.256
40,1,105.0,bpfo_1.0mm,-0.321,-0.404
40,2,151.3,bpfi_0.3mm,0.554,0.833
40,2,151.3,bpfi_1.0mm,-0.360,-0.896
40,2,151.3,bpfo_0.3mm,-0.439,-0.733
40,2,151.3,bpfo_1.0mm,4.950,14.153
40,3,200.1,bpfi_0.3mm,2.265,2.165
40,3,200.1,bpfi_1.0mm,6.597,9.095
40,3,200.1,bpfo_0.3mm,2.810,2.528
40,3,200.1,bpfo_1.0mm,7.673,11.562
40,4,251.8,bpfi_0.3mm,1.836,2.433
40,4,251.8,bpfi_1.0mm,7.297,14.691
40,4,251.8,bpfo_0.3mm,1.371,2.013
40,4,251.8,bpfo_1.0mm,3.983,7.966
40,5,306.4,bpfi_0.3mm,3.398,4.749
40,5,306.4,bpfi_1.0mm,4.239,6.741
40,5,306.4,bpfo_0.3mm,1.106,1.959
40,5,306.4,bpfo_1.0mm,11.164,21.578
40,6,364.2,bpfi_0.3mm,2.626,4.581
40,6,364.2,bpfi_1.0mm,2.004,4.060
40,6,364.2,bpfo_0.3mm,5.799,13.221
40,6,364.2,bpfo_1.0mm,22.060,58.087
40,7,425.3,bpfi_0.3mm,-0.021,-0.036
40,7,425.3,bpfi_1.0mm,0.912,2.108
40,7,425.3,bpfo_0.3mm,2.916,7.113
40,7,425.3,bpfo_1.0mm,18.075,51.354
40,8,489.9,bpfi_0.3mm,2.542,5.662
40,8,489.9,bpfi_1.0mm,7.375,15.905
40,8,489.9,bpfo_0.3mm,-0.428,-0.875
40,8,489.9,bpfo_1.0mm,11.215,27.946
40,9,558.2,bpfi_0.3mm,2.047,4.801
40,9,558.2,bpfi_1.0mm,6.234,14.720
40,9,558.2,bpfo_0.3mm,0.001,0.002
40,9,558.2,bpfo_1.0mm,14.120,41.028
40,10,630.4,bpfi_0.3mm,0.224,0.499
40,10,630.4,bpfi_1.0mm,4.439,10.642
40,10,630.4,bpfo_0.3mm,2.214,5.447
40,10,630.4,bpfo_1.0mm,8.063,22.094
40,11,706.8,bpfi_0.3mm,6.694,8.277
40,11,706.8,bpfi_1.0mm,18.198,22.377
40,11,706.8,bpfo_0.3mm,17.497,21.671
40,11,706.8,bpfo_1.0mm,23.604,29.098
40,12,787.6,bpfi_0.3mm,12.761,22.611
40,12,787.6,bpfi_1.0mm,27.185,47.048
40,12,787.6,bpfo_0.3mm,14.792,27.262
40,12,787.6,bpfo_1.0mm,21.304,38.796
40,13,873.0,bpfi_0.3mm,11.102,27.571
40,13,873.0,bpfi_1.0mm,25.950,59.416
40,13,873.0,bpfo_0.3mm,7.345,15.870
40,13,873.0,bpfo_1.0mm,28.000,71.997
40,14,963.3,bpfi_0.3mm,7.040,14.488
40,14,963.3,bpfi_1.0mm,16.170,38.076
40,14,963.3,bpfo_0.3mm,5.749,11.344
40,14,963.3,bpfo_1.0mm,32.877,76.260
40,15,1058.8,bpfi_0.3mm,18.209,44.730
40,15,1058.8,bpfi_1.0mm,25.628,76.819
40,15,1058.8,bpfo_0.3mm,6.240,16.031
40,15,1058.8,bpfo_1.0mm,23.016,70.854
40,16,1159.7,bpfi_0.3mm,16.095,42.686
40,16,1159.7,bpfi_1.0mm,19.978,54.496
40,16,1159.7,bpfo_0.3mm,4.569,11.606
40,16,1159.7,bpfo_1.0mm,23.862,67.700
40,17,1266.5,bpfi_0.3mm,22.749,88.009
40,17,1266.5,bpfi_1.0mm,30.883,116.705
40,17,1266.5,bpfo_0.3mm,12.071,43.603
40,17,1266.5,bpfo_1.0mm,40.851,157.963
40,18,1379.4,bpfi_0.3mm,5.804,47.976
40,18,1379.4,bpfi_1.0mm,12.020,97.236
40,18,1379.4,bpfo_0.3mm,-2.304,-16.213
40,18,1379.4,bpfo_1.0mm,19.534,162.505
40,19,1498.7,bpfi_0.3mm,-1.157,-8.769
40,19,1498.7,bpfi_1.0mm,2.301,17.282
40,19,1498.7,bpfo_0.3mm,-3.234,-19.198
40,19,1498.7,bpfo_1.0mm,7.199,58.331
40,20,1625.0,bpfi_0.3mm,12.142,39.010
40,20,1625.0,bpfi_1.0mm,20.686,52.361
40,20,1625.0,bpfo_0.3mm,1.415,4.534
40,20,1625.0,bpfo_1.0mm,22.776,68.513
40,21,1758.4,bpfi_0.3mm,12.440,47.589
40,21,1758.4,bpfi_1.0mm,18.352,66.081
40,21,1758.4,bpfo_0.3mm,3.098,9.638
40,21,1758.4,bpfo_1.0mm,23.550,95.121
40,22,1899.6,bpfi_0.3mm,7.543,30.727
40,22,1899.6,bpfi_1.0mm,17.044,71.124
40,22,1899.6,bpfo_0.3mm,4.943,15.821
40,22,1899.6,bpfo_1.0mm,20.577,91.045
40,23,2048.8,bpfi_0.3mm,9.122,39.537
40,23,2048.8,bpfi_1.0mm,16.928,76.925
40,23,2048.8,bpfo_0.3mm,-0.761,-2.737
40,23,2048.8,bpfo_1.0mm,13.505,63.326
40,24,2206.6,bpfi_0.3mm,15.077,69.011
40,24,2206.6,bpfi_1.0mm,24.571,115.863
40,24,2206.6,bpfo_0.3mm,-0.762,-3.335
40,24,2206.6,bpfo_1.0mm,18.936,98.704
40,25,2373.5,bpfi_0.3mm,19.314,100.624
40,25,2373.5,bpfi_1.0mm,27.671,131.187
40,25,2373.5,bpfo_0.3mm,0.858,3.453
40,25,2373.5,bpfo_1.0mm,19.261,98.224
40,26,2549.9,bpfi_0.3mm,11.934,47.890
40,26,2549.9,bpfi_1.0mm,15.023,59.776
40,26,2549.9,bpfo_0.3mm,6.375,24.202
40,26,2549.9,bpfo_1.0mm,17.710,71.740
40,27,2736.5,bpfi_0.3mm,6.405,26.915
40,27,2736.5,bpfi_1.0mm,9.784,44.173
40,27,2736.5,bpfo_0.3mm,1.729,7.188
40,27,2736.5,bpfo_1.0mm,13.370,63.694
40,28,2933.7,bpfi_0.3mm,4.601,21.230
40,28,2933.7,bpfi_1.0mm,6.712,36.933
40,28,2933.7,bpfo_0.3mm,1.694,7.385
40,28,2933.7,bpfo_1.0mm,16.022,90.193
40,29,3142.3,bpfi_0.3mm,10.437,55.672
40,29,3142.3,bpfi_1.0mm,14.320,79.720
40,29,3142.3,bpfo_0.3mm,2.647,12.312
40,29,3142.3,bpfo_1.0mm,20.690,116.751
40,30,3362.9,bpfi_0.3mm,16.254,86.053
40,30,3362.9,bpfi_1.0mm,14.782,77.860
40,30,3362.9,bpfo_0.3mm,1.428,6.850
40,30,3362.9,bpfo_1.0mm,17.003,83.221
40,31,3596.2,bpfi_0.3mm,20.278,81.343
40,31,3596.2,bpfi_1.0mm,13.833,46.965
40,31,3596.2,bpfo_0.3mm,3.429,14.979
40,31,3596.2,bpfo_1.0mm,17.117,77.561
40,32,3842.8,bpfi_0.3mm,17.709,83.187
40,32,3842.8,bpfi_1.0mm,7.248,13.707
40,32,3842.8,bpfo_0.3mm,3.590,17.913
40,32,3842.8,bpfo_1.0mm,13.329,70.406
40,33,4103.6,bpfi_0.3mm,8.449,47.794
40,33,4103.6,bpfi_1.0mm,3.267,11.832
40,33,4103.6,bpfo_0.3mm,-0.512,-2.882
40,33,4103.6,bpfo_1.0mm,7.978,32.282
40,34,4379.3,bpfi_0.3mm,6.844,32.517
40,34,4379.3,bpfi_1.0mm,5.049,24.376
40,34,4379.3,bpfo_0.3mm,-0.907,-4.982
40,34,4379.3,bpfo_1.0mm,7.015,29.002
40,35,4670.9,bpfi_0.3mm,10.951,48.357
40,35,4670.9,bpfi_1.0mm,7.944,33.503
40,35,4670.9,bpfo_0.3mm,-1.036,-4.476
40,35,4670.9,bpfo_1.0mm,6.672,30.278
40,36,4979.2,bpfi_0.3mm,10.284,41.309
40,36,4979.2,bpfi_1.0mm,9.414,33.709
40,36,4979.2,bpfo_0.3mm,-0.698,-2.714
40,36,4979.2,bpfo_1.0mm,3.732,14.708
40,37,5305.3,bpfi_0.3mm,7.590,37.287
40,37,5305.3,bpfi_1.0mm,8.316,37.456
40,37,5305.3,bpfo_0.3mm,-0.413,-2.215
40,37,5305.3,bpfo_1.0mm,4.392,21.137
40,38,5650.0,bpfi_0.3mm,7.341,32.295
40,38,5650.0,bpfi_1.0mm,6.812,29.627
40,38,5650.0,bpfo_0.3mm,0.115,0.479
40,38,5650.0,bpfo_1.0mm,5.125,22.470
40,39,6014.5,bpfi_0.3mm,7.752,41.069
40,39,6014.5,bpfi_1.0mm,8.780,43.076
40,39,6014.5,bpfo_0.3mm,4.068,18.197
40,39,6014.5,bpfo_1.0mm,7.685,37.753
64,0,45.8,bpfi_0.3mm,0.367,0.207
64,0,45.8,bpfi_1.0mm,0.203,0.128
64,0,45.8,bpfo_0.3mm,-0.448,-0.291
64,0,45.8,bpfo_1.0mm,0.383,0.268
64,1,72.5,bpfi_0.3mm,0.605,0.403
64,1,72.5,bpfi_1.0mm,0.067,0.051
64,1,72.5,bpfo_0.3mm,-0.615,-0.471
64,1,72.5,bpfo_1.0mm,0.661,0.578
64,2,100.2,bpfi_0.3mm,0.541,0.548
64,2,100.2,bpfi_1.0mm,-1.145,-1.496
64,2,100.2,bpfo_0.3mm,-1.690,-1.997
64,2,100.2,bpfo_1.0mm,-0.242,-0.282
64,3,128.9,bpfi_0.3mm,-0.577,-0.860
64,3,128.9,bpfi_1.0mm,-3.489,-6.545
64,3,128.9,bpfo_0.3mm,-3.234,-5.925
64,3,128.9,bpfo_1.0mm,-2.132,-3.725
64,4,158.6,bpfi_0.3mm,0.636,0.630
64,4,158.6,bpfi_1.0mm,-1.066,-1.440
64,4,158.6,bpfo_0.3mm,-0.212,-0.223
64,4,158.6,bpfo_1.0mm,6.516,10.832
64,5,189.4,bpfi_0.3mm,1.829,1.522
64,5,189.4,bpfi_1.0mm,3.178,3.767
64,5,189.4,bpfo_0.3mm,2.505,2.081
64,5,189.4,bpfo_1.0mm,9.393,11.825
64,6,221.2,bpfi_0.3mm,2.429,2.265
64,6,221.2,bpfi_1.0mm,7.392,9.913
64,6,221.2,bpfo_0.3mm,3.029,2.643
64,6,221.2,bpfo_1.0mm,7.321,10.750
64,7,254.2,bpfi_0.3mm,1.759,2.091
64,7,254.2,bpfi_1.0mm,7.703,13.943
64,7,254.2,bpfo_0.3mm,1.562,2.042
64,7,254.2,bpfo_1.0mm,4.207,7.932
64,8,288.4,bpfi_0.3mm,1.628,2.038
64,8,288.4,bpfi_1.0mm,4.911,7.729
64,8,288.4,bpfo_0.3mm,0.157,0.234
64,8,288.4,bpfo_1.0mm,2.279,2.934
64,9,323.9,bpfi_0.3mm,4.173,5.225
64,9,323.9,bpfi_1.0mm,3.898,5.010
64,9,323.9,bpfo_0.3mm,1.580,2.430
64,9,323.9,bpfo_1.0mm,12.959,21.227
64,10,360.6,bpfi_0.3mm,3.626,5.393
64,10,360.6,bpfi_1.0mm,2.565,4.286
64,10,360.6,bpfo_0.3mm,5.891,11.390
64,10,360.6,bpfo_1.0mm,22.068,47.189
64,11,398.6,bpfi_0.3mm,0.591,0.942
64,11,398.6,bpfi_1.0mm,1.176,2.282
64,11,398.6,bpfo_0.3mm,6.586,14.390
64,11,398.6,bpfo_1.0mm,23.294,59.836
64,12,437.9,bpfi_0.3mm,-0.215,-0.354
64,12,437.9,bpfi_1.0mm,0.827,1.702
64,12,437.9,bpfo_0.3mm,1.386,2.967
64,12,437.9,bpfo_1.0mm,15.203,38.375
64,13,478.7,bpfi_0.3mm,0.393,0.597
64,13,478.7,bpfi_1.0mm,4.619,7.826
64,13,478.7,bpfo_0.3mm,-0.996,-1.448
64,13,478.7,bpfo_1.0mm,1.177,1.870
64,14,521.0,bpfi_0.3mm,4.602,9.905
64,14,521.0,bpfi_1.0mm,9.973,18.898
64,14,521.0,bpfo_0.3mm,0.166,0.333
64,14,521.0,bpfo_1.0mm,15.462,38.972
64,15,564.7,bpfi_0.3mm,2.391,5.097
64,15,564.7,bpfi_1.0mm,6.914,14.806
64,15,564.7,bpfo_0.3mm,0.174,0.306
64,15,564.7,bpfo_1.0mm,15.588,41.321
64,16,610.0,bpfi_0.3mm,0.181,0.349
64,16,610.0,bpfi_1.0mm,3.215,7.338
64,16,610.0,bpfo_0.3mm,-0.398,-0.725
64,16,610.0,bpfo_1.0mm,7.823,20.319
64,17,657.0,bpfi_0.3mm,0.305,0.548
64,17,657.0,bpfi_1.0mm,5.741,9.904
64,17,657.0,bpfo_0.3mm,4.589,8.983
64,17,657.0,bpfo_1.0mm,9.488,18.575
64,18,705.6,bpfi_0.3mm,5.164,5.637
64,18,705.6,bpfi_1.0mm,16.208,17.750
64,18,705.6,bpfo_0.3mm,17.998,19.687
64,18,705.6,bpfo_1.0mm,23.934,26.085
64,19,756.0,bpfi_0.3mm,11.896,14.999
64,19,756.0,bpfi_1.0mm,25.024,30.051
64,19,756.0,bpfo_0.3mm,18.789,25.389
64,19,756.0,bpfo_1.0mm,25.358,34.057
64,20,808.2,bpfi_0.3mm,13.697,28.507
64,20,808.2,bpfi_1.0mm,28.647,58.129
64,20,808.2,bpfo_0.3mm,7.867,16.143
64,20,808.2,bpfo_1.0mm,13.789,28.979
64,21,862.2,bpfi_0.3mm,11.833,24.539
64,21,862.2,bpfi_1.0mm,26.961,47.497
64,21,862.2,bpfo_0.3mm,8.416,15.639
64,21,862.2,bpfo_1.0mm,23.208,52.602
64,22,918.2,bpfi_0.3mm,5.347,8.733
64,22,918.2,bpfi_1.0mm,18.072,32.472
64,22,918.2,bpfo_0.3mm,6.905,11.255
64,22,918.2,bpfo_1.0mm,33.255,60.063
64,23,976.2,bpfi_0.3mm,6.879,11.961
64,23,976.2,bpfi_1.0mm,10.123,19.359
64,23,976.2,bpfo_0.3mm,4.073,7.377
64,23,976.2,bpfo_1.0mm,32.828,76.870
64,24,1036.2,bpfi_0.3mm,17.993,40.918
64,24,1036.2,bpfi_1.0mm,26.066,73.255
64,24,1036.2,bpfo_0.3mm,4.640,11.355
64,24,1036.2,bpfo_1.0mm,19.826,56.530
64,25,1098.5,bpfi_0.3mm,19.020,37.251
64,25,1098.5,bpfi_1.0mm,25.732,65.708
64,25,1098.5,bpfo_0.3mm,7.989,17.675
64,25,1098.5,bpfo_1.0mm,25.016,65.388
64,26,1162.9,bpfi_0.3mm,15.682,34.509
64,26,1162.9,bpfi_1.0mm,15.272,32.712
64,26,1162.9,bpfo_0.3mm,2.156,4.473
64,26,1162.9,bpfo_1.0mm,19.705,40.798
64,27,1229.7,bpfi_0.3mm,20.630,51.160
64,27,1229.7,bpfi_1.0mm,28.928,70.676
64,27,1229.7,bpfo_0.3mm,11.806,28.273
64,27,1229.7,bpfo_1.0mm,39.930,98.613
64,28,1298.8,bpfi_0.3mm,24.875,83.672
64,28,1298.8,bpfi_1.0mm,33.029,109.060
64,28,1298.8,bpfo_0.3mm,13.270,42.232
64,28,1298.8,bpfo_1.0mm,42.537,142.553
64,29,1370.5,bpfi_0.3mm,14.459,44.443
64,29,1370.5,bpfi_1.0mm,20.173,62.804
64,29,1370.5,bpfo_0.3mm,-0.451,-1.990
64,29,1370.5,bpfo_1.0mm,25.332,124.777
64,30,1444.7,bpfi_0.3mm,0.437,3.688
64,30,1444.7,bpfi_1.0mm,3.826,18.379
64,30,1444.7,bpfo_0.3mm,-3.242,-19.291
64,30,1444.7,bpfo_1.0mm,5.417,42.489
64,31,1521.5,bpfi_0.3mm,-1.951,-12.642
64,31,1521.5,bpfi_1.0mm,0.832,5.527
64,31,1521.5,bpfo_0.3mm,-3.231,-18.895
64,31,1521.5,bpfo_1.0mm,7.932,62.986
64,32,1601.1,bpfi_0.3mm,10.434,39.229
64,32,1601.1,bpfi_1.0mm,21.598,55.227
64,32,1601.1,bpfo_0.3mm,1.029,3.372
64,32,1601.1,bpfo_1.0mm,21.964,70.219
64,33,1683.6,bpfi_0.3mm,14.145,32.694
64,33,1683.6,bpfi_1.0mm,19.122,37.811
64,33,1683.6,bpfo_0.3mm,1.830,4.259
64,33,1683.6,bpfo_1.0mm,23.821,55.221
64,34,1769.0,bpfi_0.3mm,12.196,41.608
64,34,1769.0,bpfi_1.0mm,17.657,59.204
64,34,1769.0,bpfo_0.3mm,2.885,8.088
64,34,1769.0,bpfo_1.0mm,22.434,78.919
64,35,1857.5,bpfi_0.3mm,11.782,36.426
64,35,1857.5,bpfi_1.0mm,20.068,61.548
64,35,1857.5,bpfo_0.3mm,3.361,8.611
64,35,1857.5,bpfo_1.0mm,24.364,78.803
64,36,1949.1,bpfi_0.3mm,4.944,15.483
64,36,1949.1,bpfi_1.0mm,16.177,52.506
64,36,1949.1,bpfo_0.3mm,5.236,13.969
64,36,1949.1,bpfo_1.0mm,17.884,67.568
64,37,2044.1,bpfi_0.3mm,8.360,26.192
64,37,2044.1,bpfi_1.0mm,14.085,54.872
64,37,2044.1,bpfo_0.3mm,2.597,7.297
64,37,2044.1,bpfo_1.0mm,16.706,67.385
64,38,2142.4,bpfi_0.3mm,10.266,47.454
64,38,2142.4,bpfi_1.0mm,19.334,86.778
64,38,2142.4,bpfo_0.3mm,-3.364,-13.743
64,38,2142.4,bpfo_1.0mm,14.265,68.903
64,39,2244.3,bpfi_0.3mm,17.384,68.797
64,39,2244.3,bpfi_1.0mm,26.850,106.270
64,39,2244.3,bpfo_0.3mm,0.615,2.491
64,39,2244.3,bpfo_1.0mm,20.871,102.486
64,40,2349.8,bpfi_0.3mm,19.471,86.044
64,40,2349.8,bpfi_1.0mm,27.771,115.944
64,40,2349.8,bpfo_0.3mm,0.003,0.009
64,40,2349.8,bpfo_1.0mm,18.007,75.449
64,41,2459.1,bpfi_0.3mm,16.156,63.801
64,41,2459.1,bpfi_1.0mm,20.447,76.951
64,41,2459.1,bpfo_0.3mm,4.940,17.617
64,41,2459.1,bpfo_1.0mm,20.324,76.248
64,42,2572.3,bpfi_0.3mm,10.518,34.837
64,42,2572.3,bpfi_1.0mm,12.866,42.602
64,42,2572.3,bpfo_0.3mm,7.361,24.079
64,42,2572.3,bpfo_1.0mm,18.433,62.803
64,43,2689.6,bpfi_0.3mm,8.002,23.044
64,43,2689.6,bpfi_1.0mm,11.164,34.492
64,43,2689.6,bpfo_0.3mm,0.734,1.936
64,43,2689.6,bpfo_1.0mm,12.263,38.820
64,44,2811.0,bpfi_0.3mm,3.423,15.873
64,44,2811.0,bpfi_1.0mm,7.292,35.371
64,44,2811.0,bpfo_0.3mm,1.911,7.720
64,44,2811.0,bpfo_1.0mm,13.195,71.083
64,45,2936.9,bpfi_0.3mm,3.491,13.938
64,45,2936.9,bpfi_1.0mm,5.477,26.884
64,45,2936.9,bpfo_0.3mm,1.504,5.899
64,45,2936.9,bpfo_1.0mm,16.099,83.897
64,46,3067.2,bpfi_0.3mm,11.485,39.458
64,46,3067.2,bpfi_1.0mm,13.759,62.631
64,46,3067.2,bpfo_0.3mm,3.171,13.044
64,46,3067.2,bpfo_1.0mm,20.926,103.455
64,47,3202.2,bpfi_0.3mm,8.731,41.211
64,47,3202.2,bpfi_1.0mm,14.951,66.824
64,47,3202.2,bpfo_0.3mm,1.920,7.296
64,47,3202.2,bpfo_1.0mm,19.732,91.935
64,48,3342.0,bpfi_0.3mm,14.919,62.205
64,48,3342.0,bpfi_1.0mm,14.739,62.243
64,48,3342.0,bpfo_0.3mm,1.212,4.016
64,48,3342.0,bpfo_1.0mm,16.563,58.502
64,49,3486.9,bpfi_0.3mm,20.356,78.592
64,49,3486.9,bpfi_1.0mm,15.140,53.933
64,49,3486.9,bpfo_0.3mm,2.035,7.396
64,49,3486.9,bpfo_1.0mm,18.774,70.645
64,50,3636.9,bpfi_0.3mm,20.622,61.245
64,50,3636.9,bpfi_1.0mm,13.988,41.178
64,50,3636.9,bpfo_0.3mm,3.370,11.923
64,50,3636.9,bpfo_1.0mm,16.998,63.866
64,51,3792.3,bpfi_0.3mm,18.736,67.158
64,51,3792.3,bpfi_1.0mm,8.974,16.335
64,51,3792.3,bpfo_0.3mm,4.774,16.439
64,51,3792.3,bpfo_1.0mm,14.339,52.615
64,52,3953.3,bpfi_0.3mm,16.092,75.811
64,52,3953.3,bpfi_1.0mm,5.317,10.271
64,52,3953.3,bpfo_0.3mm,2.078,10.234
64,52,3953.3,bpfo_1.0mm,11.866,54.411
64,53,4120.1,bpfi_0.3mm,7.418,37.891
64,53,4120.1,bpfi_1.0mm,2.818,10.003
64,53,4120.1,bpfo_0.3mm,-0.840,-4.280
64,53,4120.1,bpfo_1.0mm,7.585,27.821
64,54,4292.8,bpfi_0.3mm,6.656,26.039
64,54,4292.8,bpfi_1.0mm,4.622,19.206
64,54,4292.8,bpfo_0.3mm,-0.602,-3.041
64,54,4292.8,bpfo_1.0mm,7.500,26.524
64,55,4471.8,bpfi_0.3mm,7.811,34.378
64,55,4471.8,bpfi_1.0mm,6.550,26.085
64,55,4471.8,bpfo_0.3mm,-1.680,-6.883
64,55,4471.8,bpfo_1.0mm,6.135,24.606
64,56,4657.1,bpfi_0.3mm,11.818,47.309
64,56,4657.1,bpfi_1.0mm,8.652,34.391
64,56,4657.1,bpfo_0.3mm,-0.897,-3.735
64,56,4657.1,bpfo_1.0mm,7.592,34.747
64,57,4849.1,bpfi_0.3mm,10.820,30.922
64,57,4849.1,bpfi_1.0mm,6.911,17.975
64,57,4849.1,bpfo_0.3mm,-0.701,-1.744
64,57,4849.1,bpfo_1.0mm,3.603,8.883
64,58,5047.9,bpfi_0.3mm,10.719,39.467
64,58,5047.9,bpfi_1.0mm,10.826,40.353
64,58,5047.9,bpfo_0.3mm,-0.717,-2.981
64,58,5047.9,bpfo_1.0mm,3.755,15.217
64,59,5253.9,bpfi_0.3mm,7.734,34.169
64,59,5253.9,bpfi_1.0mm,8.613,34.786
64,59,5253.9,bpfo_0.3mm,-0.449,-2.177
64,59,5253.9,bpfo_1.0mm,4.748,21.772
64,60,5467.3,bpfi_0.3mm,5.810,21.591
64,60,5467.3,bpfi_1.0mm,6.605,23.859
64,60,5467.3,bpfo_0.3mm,-0.342,-1.135
64,60,5467.3,bpfo_1.0mm,3.669,12.760
64,61,5688.3,bpfi_0.3mm,8.963,38.543
64,61,5688.3,bpfi_1.0mm,6.813,26.483
64,61,5688.3,bpfo_0.3mm,-0.051,-0.216
64,61,5688.3,bpfo_1.0mm,6.439,26.956
64,62,5917.2,bpfi_0.3mm,8.639,40.387
64,62,5917.2,bpfi_1.0mm,10.439,46.575
64,62,5917.2,bpfo_0.3mm,5.544,21.521
64,62,5917.2,bpfo_1.0mm,9.099,39.956
64,63,6154.4,bpfi_0.3mm,4.610,18.152
64,63,6154.4,bpfi_1.0mm,2.571,8.651
64,63,6154.4,bpfo_0.3mm,0.803,2.347
64,63,6154.4,bpfo_1.0mm,2.497,8.681
