classe,faixa_hz,delta_potencia_db,excesso,deficit,fracao_deficit,bins_z_pos,bins_z_neg
bpfi_0.3mm,0-500,0.8858785438810307,7.66950670390075e-05,1.2818731379011751e-06,0.016439131043010282,0.1125,0.0
bpfi_0.3mm,500-1000,8.760073059981032,7.060792227713991e-05,9.329949021344718e-07,0.013041416561608793,0.3125,0.0375
bpfi_0.3mm,1000-2000,5.862026632093196,0.001108572777229744,0.0001184517604661269,0.09653577155723209,0.5,0.03125
bpfi_0.3mm,2000-4000,13.71326277011587,0.010953311096296083,4.522469432483918e-05,0.0041118831802506705,0.7625,0.01875
bpfi_0.3mm,4000-6400,5.268859023443243,0.0009486588478055469,4.8738909588590123e-05,0.04886607096042446,0.6640625,0.036458333333333336
bpfi_0.3mm,6400-12800,9.701731396842126,0.00045946210811884265,1.1910102293320197e-05,0.025266874097024366,0.927734375,0.0185546875
bpfi_0.3mm,12800-25600,14.600077926708156,7.862764984023915e-05,9.04472313415461e-08,0.0011490017506304779,0.98828125,0.00048828125
bpfi_1.0mm,0-500,0.13096437895709545,1.6096743343737953e-05,5.893354908373652e-06,0.26800039003044207,0.2625,0.0625
bpfi_1.0mm,500-1000,22.73602642104408,0.0019973022128761822,4.0738730818243864e-07,0.00020392719149211761,0.65,0.0125
bpfi_1.0mm,1000-2000,12.75509006672478,0.006345318093272026,0.00015535013725754692,0.02389756433468862,0.84375,0.025
bpfi_1.0mm,2000-4000,22.291495360407893,0.08170092299604897,6.604013127886985e-05,0.0008076627619889943,0.853125,0.01875
bpfi_1.0mm,4000-6400,2.814156214874143,0.00047865913686846886,0.00013163702281552422,0.2156936771217517,0.6770833333333334,0.0859375
bpfi_1.0mm,6400-12800,3.4568756099329323,8.789519868833374e-05,2.2579095696996038e-05,0.2043832533407372,0.8798828125,0.0224609375
bpfi_1.0mm,12800-25600,6.4483213115853655,1.047121455076748e-05,8.40545220944315e-07,0.07430720223093247,0.919921875,0.0263671875
bpfo_0.3mm,0-500,-0.22175506072144444,3.3636390980652148e-06,1.995414093994009e-05,0.8557478845506361,0.1125,0.0625
bpfo_0.3mm,500-1000,11.360937200815258,0.00013705370810376474,1.4725808013305311e-06,0.01063033459547451,0.325,0.0125
bpfo_0.3mm,1000-2000,-1.4632308830328464,6.251951348891762e-05,0.00016166219525720905,0.7211212554378489,0.13125,0.14375
bpfo_0.3mm,2000-4000,-0.028165680582816745,0.0002689075633509447,0.00027203958366702456,0.5028949411539977,0.34375,0.128125
bpfo_0.3mm,4000-6400,-1.7109257467315468,4.782088250119128e-05,0.000171763088848328,0.7822205227125929,0.140625,0.3463541666666667
bpfo_0.3mm,6400-12800,-0.25791265823059295,2.0279350860244145e-05,2.337483483967195e-05,0.5354546068125806,0.1591796875,0.21484375
bpfo_0.3mm,12800-25600,-2.823289401944514,3.383670746044388e-07,1.6867725237236961e-06,0.8329166666417567,0.16015625,0.22998046875
bpfo_1.0mm,0-500,1.5178651284230043,0.00014210330583971573,2.671724744953911e-06,0.018454320017507374,0.3375,0.0375
bpfo_1.0mm,500-1000,25.789527674893613,0.004045763437417467,1.1413447072233652e-06,0.0002820290490314281,0.575,0.025
bpfo_1.0mm,1000-2000,20.714739559142934,0.0406866463119851,0.0001716523049143163,0.004201161348488434,0.90625,0.01875
bpfo_1.0mm,2000-4000,16.809687426502617,0.02282676501686952,6.972786581728524e-05,0.003045351363396357,0.89375,0.01875
bpfo_1.0mm,4000-6400,4.433477765589088,0.000732314851468795,5.647353154433601e-05,0.07159528811594566,0.7526041666666666,0.059895833333333336
bpfo_1.0mm,6400-12800,8.00627702240555,0.0003010142524200014,1.5467329608166196e-05,0.04887276380838354,0.939453125,0.0107421875
bpfo_1.0mm,12800-25600,12.518885834896903,4.8403399932606445e-05,8.41594450728749e-07,0.01708994916676343,0.95166015625,0.02294921875
