id,data,etapa,script,git_commit,parametros,dataset,metricas,responsavel,notas
exp001,2026-09-20,decimacao,02_decimate_pcm.py,65310a0,taxa_hz=51200;fator=1;janela_ms=25.0;hop_ms=10.0;n_mels=20;n_mfcc=13;banda_envelope_hz=2700-4700,jung2023_acustico_0Nm_5classes_60s,snr_bpfi_db=9.88;snr_bpfo_db=7.31;acuracia_balanceada_diagnostica=1.0;ram_1s_kib=100.0;n_fft=2048,Clara,baseline sem decimacao; referencia de comparacao
exp002,2026-09-20,decimacao,02_decimate_pcm.py,65310a0,taxa_hz=6400;fator=1/8;filtro=fir_kaiser_293taps;corte_hz=2880;atenuacao_db=60.4;janela_ms=25.0;hop_ms=10.0;n_mels=20;n_mfcc=13,jung2023_acustico_0Nm_5classes_60s,preservacao_pior_classe=0.8218;pior_classe=bpfi_0.3mm;snr_bpfi_db_diagnostico=8.38;snr_bpfo_db_diagnostico=0.7;aliasing_db=-0.088;acuracia_balanceada_diagnostica=1.0;ram_1s_kib=12.5;n_fft=256;amostras_janela=160,Clara,fator inteiro; banda ressonante truncada em Nyquist
exp003,2026-09-20,decimacao,02_decimate_pcm.py,65310a0,taxa_hz=8000;fator=5/32;filtro=fir_kaiser_1163taps;corte_hz=3600;atenuacao_db=60.4;janela_ms=25.0;hop_ms=10.0;n_mels=20;n_mfcc=13,jung2023_acustico_0Nm_5classes_60s,preservacao_pior_classe=0.865;pior_classe=bpfo_0.3mm;snr_bpfi_db_diagnostico=11.08;snr_bpfo_db_diagnostico=10.6;aliasing_db=-0.006;acuracia_balanceada_diagnostica=1.0;ram_1s_kib=15.6;n_fft=256;amostras_janela=200,Clara,reamostragem racional L=5/M=32; banda ressonante truncada em Nyquist
exp004,2026-09-20,decimacao,02_decimate_pcm.py,65310a0,taxa_hz=12800;fator=1/4;filtro=fir_kaiser_147taps;corte_hz=5760;atenuacao_db=60.4;janela_ms=25.0;hop_ms=10.0;n_mels=20;n_mfcc=13,jung2023_acustico_0Nm_5classes_60s,preservacao_pior_classe=0.9607;pior_classe=bpfi_0.3mm;snr_bpfi_db_diagnostico=9.68;snr_bpfo_db_diagnostico=6.61;aliasing_db=-0.168;acuracia_balanceada_diagnostica=1.0;ram_1s_kib=25.0;n_fft=512;amostras_janela=320,Clara,TAXA RECOMENDADA; fator inteiro
exp005,2026-09-20,decimacao,02_decimate_pcm.py,65310a0,taxa_hz=16000;fator=5/16;filtro=fir_kaiser_583taps;corte_hz=7200;atenuacao_db=60.4;janela_ms=25.0;hop_ms=10.0;n_mels=20;n_mfcc=13,jung2023_acustico_0Nm_5classes_60s,preservacao_pior_classe=0.9681;pior_classe=bpfo_0.3mm;snr_bpfi_db_diagnostico=9.74;snr_bpfo_db_diagnostico=6.9;aliasing_db=-0.032;acuracia_balanceada_diagnostica=1.0;ram_1s_kib=31.2;n_fft=512;amostras_janela=400,Clara,reamostragem racional L=5/M=16
exp006,2026-09-20,decimacao,02_decimate_pcm.py,65310a0,taxa_hz=25600;fator=1/2;filtro=fir_kaiser_75taps;corte_hz=11520;atenuacao_db=59.3;janela_ms=25.0;hop_ms=10.0;n_mels=20;n_mfcc=13,jung2023_acustico_0Nm_5classes_60s,preservacao_pior_classe=0.9943;pior_classe=bpfi_0.3mm;snr_bpfi_db_diagnostico=9.93;snr_bpfo_db_diagnostico=7.28;aliasing_db=-0.023;acuracia_balanceada_diagnostica=1.0;ram_1s_kib=50.0;n_fft=1024;amostras_janela=640,Clara,fator inteiro
exp007,2026-09-24,validacao_classificador,validation/run_protocol.py,75716f3,protocolo=A;tarefa=binario;modelo=lda;features=mfcc_dsp_media_desvio_provisorio;sem_c0=False;permutado=False;splits=772c8e1eb1;fs_hz=12800;segmento_s=1.0;segmentos_por_bloco=10;segmentos_descarte=1;mfcc_janela_ms=25;mfcc_hop_ms=10;mfcc_n_mels=20;mfcc_n_coefs=13,jung2023_acustico_0Nm_12800Hz,acc_bal_media=1.0000;acc_bal_desvio=0.0000;acc_bal_min=1.0000,Clara,"limite otimista, não conta para a meta"
exp008,2026-09-24,validacao_classificador,validation/run_protocol.py,75716f3,protocolo=A;tarefa=multiclasse;modelo=lda;features=mfcc_dsp_media_desvio_provisorio;sem_c0=False;permutado=False;splits=772c8e1eb1;fs_hz=12800;segmento_s=1.0;segmentos_por_bloco=10;segmentos_descarte=1;mfcc_janela_ms=25;mfcc_hop_ms=10;mfcc_n_mels=20;mfcc_n_coefs=13,jung2023_acustico_0Nm_12800Hz,acc_bal_media=1.0000;acc_bal_desvio=0.0000;acc_bal_min=1.0000,Clara,"limite otimista, não conta para a meta"
exp009,2026-09-24,validacao_classificador,validation/run_protocol.py,75716f3,protocolo=B;tarefa=binario;modelo=lda;features=mfcc_dsp_media_desvio_provisorio;sem_c0=False;permutado=False;splits=772c8e1eb1;fs_hz=12800;segmento_s=1.0;segmentos_por_bloco=10;segmentos_descarte=1;mfcc_janela_ms=25;mfcc_hop_ms=10;mfcc_n_mels=20;mfcc_n_coefs=13,jung2023_acustico_0Nm_12800Hz,acc_bal_media=0.8750;sens_media=0.7500;espec_media=1.0000;acc_bal_pior_falha=0.5000;acc_bal_pior_fold=0.5000;acc_bal_bpfi_0.3mm=1.0000;acc_bal_bpfi_1.0mm=1.0000;acc_bal_bpfo_0.3mm=0.5000;acc_bal_bpfo_1.0mm=1.0000,Clara,resultado principal (meta = acc_bal_media do B)
exp010,2026-09-24,validacao_classificador,validation/run_protocol.py,75716f3,protocolo=B;tarefa=binario;modelo=lda;features=mfcc_dsp_media_desvio_provisorio;sem_c0=True;permutado=False;splits=772c8e1eb1;fs_hz=12800;segmento_s=1.0;segmentos_por_bloco=10;segmentos_descarte=1;mfcc_janela_ms=25;mfcc_hop_ms=10;mfcc_n_mels=20;mfcc_n_coefs=13,jung2023_acustico_0Nm_12800Hz,acc_bal_media=0.8750;sens_media=0.7500;espec_media=1.0000;acc_bal_pior_falha=0.5000;acc_bal_pior_fold=0.5000;acc_bal_bpfi_0.3mm=1.0000;acc_bal_bpfi_1.0mm=1.0000;acc_bal_bpfo_0.3mm=0.5000;acc_bal_bpfo_1.0mm=1.0000,Clara,resultado principal (meta = acc_bal_media do B)
exp011,2026-09-24,validacao_classificador,validation/run_protocol.py,75716f3,protocolo=B;tarefa=binario;modelo=lda;features=mfcc_dsp_media_desvio_provisorio;sem_c0=False;permutado=True;splits=772c8e1eb1;fs_hz=12800;segmento_s=1.0;segmentos_por_bloco=10;segmentos_descarte=1;mfcc_janela_ms=25;mfcc_hop_ms=10;mfcc_n_mels=20;mfcc_n_coefs=13;semente=20260925,jung2023_acustico_0Nm_12800Hz,acc_bal_media=0.4021;sens_media=0.3630;espec_media=0.4412;acc_bal_pior_falha=0.2343;acc_bal_pior_fold=0.0000;acc_bal_bpfi_0.3mm=0.5320;acc_bal_bpfi_1.0mm=0.2343;acc_bal_bpfo_0.3mm=0.5042;acc_bal_bpfo_1.0mm=0.3380,Clara,resultado principal (meta = acc_bal_media do B)
exp012,2026-09-24,validacao_classificador,validation/run_protocol.py,75716f3,protocolo=A;tarefa=binario;modelo=lda;features=mfcc_dsp_media_desvio_provisorio;sem_c0=True;permutado=False;splits=772c8e1eb1;fs_hz=12800;segmento_s=1.0;segmentos_por_bloco=10;segmentos_descarte=1;mfcc_janela_ms=25;mfcc_hop_ms=10;mfcc_n_mels=20;mfcc_n_coefs=13,jung2023_acustico_0Nm_12800Hz,acc_bal_media=1.0000;acc_bal_desvio=0.0000;acc_bal_min=1.0000,Clara,"limite otimista, não conta para a meta"
exp013,2026-09-26,validacao_classificador,validation/run_protocol.py,4effd29,protocolo=B;tarefa=binario;modelo=lda;features=mfcc_dsp_media_desvio;norm_clipe=False;sem_c0=False;permutado=False;splits=772c8e1eb1;fs_hz=12800;segmento_s=1.0;segmentos_por_bloco=10;segmentos_descarte=1;mfcc_janela_ms=25;mfcc_hop_ms=10;mfcc_n_mels=20;mfcc_n_coefs=13;features_commit=4effd29,jung2023_acustico_0Nm_12800Hz,acc_bal_media=0.8750;sens_media=0.7500;espec_media=1.0000;acc_bal_pior_falha=0.5000;acc_bal_pior_fold=0.5000;acc_bal_bpfi_0.3mm=1.0000;acc_bal_bpfi_1.0mm=1.0000;acc_bal_bpfo_0.3mm=0.5000;acc_bal_bpfo_1.0mm=1.0000,Julia,ablação: sem normalização
exp014,2026-09-26,validacao_classificador,validation/run_protocol.py,4effd29,protocolo=B;tarefa=binario;modelo=lda;features=mfcc_dsp_media_desvio_normclipe;norm_clipe=True;sem_c0=False;permutado=False;splits=772c8e1eb1;fs_hz=12800;segmento_s=1.0;segmentos_por_bloco=10;segmentos_descarte=1;mfcc_janela_ms=25;mfcc_hop_ms=10;mfcc_n_mels=20;mfcc_n_coefs=13;features_commit=4effd29,jung2023_acustico_0Nm_12800Hz,acc_bal_media=0.8750;sens_media=0.7500;espec_media=1.0000;acc_bal_pior_falha=0.5000;acc_bal_pior_fold=0.5000;acc_bal_bpfi_0.3mm=1.0000;acc_bal_bpfi_1.0mm=1.0000;acc_bal_bpfo_0.3mm=0.5000;acc_bal_bpfo_1.0mm=1.0000,Julia,ablação: RMS por segmento
exp015,2026-09-26,validacao_classificador,validation/run_protocol.py,fb255ce,protocolo=B;tarefa=binario;modelo=lda;features=mfcc_dsp_media_desvio;norm_clipe=False;sem_c0=False;permutado=False;splits=772c8e1eb1;fs_hz=12800;segmento_s=1.0;segmentos_por_bloco=10;segmentos_descarte=1;mfcc_janela_ms=25;mfcc_hop_ms=10;mfcc_n_mels=20;mfcc_n_coefs=13;features_commit=fb255ce;aumento=nenhum,jung2023_acustico_0Nm_12800Hz,acc_bal_media=0.8750;sens_media=0.7500;espec_media=1.0000;acc_bal_pior_falha=0.5000;acc_bal_pior_fold=0.5000;acc_bal_bpfi_0.3mm=1.0000;acc_bal_bpfi_1.0mm=1.0000;acc_bal_bpfo_0.3mm=0.5000;acc_bal_bpfo_1.0mm=1.0000,Amanda,referência sem aumento (mesmo commit das rodadas com aumento)
exp016,2026-09-26,validacao_classificador,validation/run_protocol.py,fb255ce,protocolo=B;tarefa=binario;modelo=lda;features=mfcc_dsp_media_desvio;norm_clipe=False;sem_c0=False;permutado=False;splits=772c8e1eb1;fs_hz=12800;segmento_s=1.0;segmentos_por_bloco=10;segmentos_descarte=1;mfcc_janela_ms=25;mfcc_hop_ms=10;mfcc_n_mels=20;mfcc_n_coefs=13;features_commit=fb255ce;semente=20260925;aumento=deslocamento+estiramento+ruido;aumento_copias=4;aumento_modo_estir=tempo;aumento_desloc_max_s=0.4;aumento_estir_taxas=0.95-1.05;aumento_snr_db=20.0-35.0,jung2023_acustico_0Nm_12800Hz,acc_bal_media=0.8750;sens_media=0.7500;espec_media=1.0000;acc_bal_pior_falha=0.5000;acc_bal_pior_fold=0.5000;acc_bal_bpfi_0.3mm=1.0000;acc_bal_bpfi_1.0mm=1.0000;acc_bal_bpfo_0.3mm=0.5000;acc_bal_bpfo_1.0mm=1.0000,Amanda,"aumento completo (deslocamento+estiramento tempo+ruído, 4 variantes); resultado principal"
exp017,2026-09-26,validacao_classificador,validation/run_protocol.py,fb255ce,protocolo=B;tarefa=binario;modelo=lda;features=mfcc_dsp_media_desvio;norm_clipe=False;sem_c0=False;permutado=True;splits=772c8e1eb1;fs_hz=12800;segmento_s=1.0;segmentos_por_bloco=10;segmentos_descarte=1;mfcc_janela_ms=25;mfcc_hop_ms=10;mfcc_n_mels=20;mfcc_n_coefs=13;features_commit=fb255ce;semente=20260925;aumento=deslocamento+estiramento+ruido;aumento_copias=4;aumento_modo_estir=tempo;aumento_desloc_max_s=0.4;aumento_estir_taxas=0.95-1.05;aumento_snr_db=20.0-35.0,jung2023_acustico_0Nm_12800Hz,acc_bal_media=0.5279;sens_media=0.5720;espec_media=0.4838;acc_bal_pior_falha=0.3861;acc_bal_pior_fold=0.0000;acc_bal_bpfi_0.3mm=0.6014;acc_bal_bpfi_1.0mm=0.4852;acc_bal_bpfo_0.3mm=0.6390;acc_bal_bpfo_1.0mm=0.3861,Amanda,controle de permutação com aumento; deve ficar perto de 50%
exp018,2026-09-26,validacao_classificador,validation/run_protocol.py,fb255ce,protocolo=A;tarefa=binario;modelo=lda;features=mfcc_dsp_media_desvio;norm_clipe=False;sem_c0=False;permutado=False;splits=772c8e1eb1;fs_hz=12800;segmento_s=1.0;segmentos_por_bloco=10;segmentos_descarte=1;mfcc_janela_ms=25;mfcc_hop_ms=10;mfcc_n_mels=20;mfcc_n_coefs=13;features_commit=fb255ce;semente=20260925;aumento=deslocamento+estiramento+ruido;aumento_copias=4;aumento_modo_estir=tempo;aumento_desloc_max_s=0.4;aumento_estir_taxas=0.95-1.05;aumento_snr_db=20.0-35.0,jung2023_acustico_0Nm_12800Hz,acc_bal_media=1.0000;acc_bal_desvio=0.0000;acc_bal_min=1.0000,Amanda,"limite otimista com aumento, não conta para a meta"
exp019,2026-09-26,validacao_classificador,validation/run_protocol.py,fb255ce,protocolo=B;tarefa=binario;modelo=lda;features=mfcc_dsp_media_desvio;norm_clipe=False;sem_c0=False;permutado=False;splits=772c8e1eb1;fs_hz=12800;segmento_s=1.0;segmentos_por_bloco=10;segmentos_descarte=1;mfcc_janela_ms=25;mfcc_hop_ms=10;mfcc_n_mels=20;mfcc_n_coefs=13;features_commit=fb255ce;semente=20260925;aumento=deslocamento;aumento_copias=4;aumento_modo_estir=tempo;aumento_desloc_max_s=0.4;aumento_estir_taxas=0.95-1.05;aumento_snr_db=20.0-35.0,jung2023_acustico_0Nm_12800Hz,acc_bal_media=0.8750;sens_media=0.7500;espec_media=1.0000;acc_bal_pior_falha=0.5000;acc_bal_pior_fold=0.5000;acc_bal_bpfi_0.3mm=1.0000;acc_bal_bpfi_1.0mm=1.0000;acc_bal_bpfo_0.3mm=0.5000;acc_bal_bpfo_1.0mm=1.0000,Amanda,ablação: só deslocamento de janela
exp020,2026-09-26,validacao_classificador,validation/run_protocol.py,fb255ce,protocolo=B;tarefa=binario;modelo=lda;features=mfcc_dsp_media_desvio;norm_clipe=False;sem_c0=False;permutado=False;splits=772c8e1eb1;fs_hz=12800;segmento_s=1.0;segmentos_por_bloco=10;segmentos_descarte=1;mfcc_janela_ms=25;mfcc_hop_ms=10;mfcc_n_mels=20;mfcc_n_coefs=13;features_commit=fb255ce;semente=20260925;aumento=estiramento;aumento_copias=4;aumento_modo_estir=tempo;aumento_desloc_max_s=0.4;aumento_estir_taxas=0.95-1.05;aumento_snr_db=20.0-35.0,jung2023_acustico_0Nm_12800Hz,acc_bal_media=0.8750;sens_media=0.7500;espec_media=1.0000;acc_bal_pior_falha=0.5000;acc_bal_pior_fold=0.5000;acc_bal_bpfi_0.3mm=1.0000;acc_bal_bpfi_1.0mm=1.0000;acc_bal_bpfo_0.3mm=0.5000;acc_bal_bpfo_1.0mm=1.0000,Amanda,ablação: só estiramento (phase vocoder)
exp021,2026-09-26,validacao_classificador,validation/run_protocol.py,fb255ce,protocolo=B;tarefa=binario;modelo=lda;features=mfcc_dsp_media_desvio;norm_clipe=False;sem_c0=False;permutado=False;splits=772c8e1eb1;fs_hz=12800;segmento_s=1.0;segmentos_por_bloco=10;segmentos_descarte=1;mfcc_janela_ms=25;mfcc_hop_ms=10;mfcc_n_mels=20;mfcc_n_coefs=13;features_commit=fb255ce;semente=20260925;aumento=ruido;aumento_copias=4;aumento_modo_estir=tempo;aumento_desloc_max_s=0.4;aumento_estir_taxas=0.95-1.05;aumento_snr_db=20.0-35.0,jung2023_acustico_0Nm_12800Hz,acc_bal_media=0.8750;sens_media=0.7500;espec_media=1.0000;acc_bal_pior_falha=0.5000;acc_bal_pior_fold=0.5000;acc_bal_bpfi_0.3mm=1.0000;acc_bal_bpfi_1.0mm=1.0000;acc_bal_bpfo_0.3mm=0.5000;acc_bal_bpfo_1.0mm=1.0000,Amanda,ablação: só ruído
exp022,2026-09-26,validacao_classificador,validation/run_protocol.py,fb255ce,protocolo=B;tarefa=binario;modelo=lda;features=mfcc_dsp_media_desvio;norm_clipe=False;sem_c0=False;permutado=False;splits=772c8e1eb1;fs_hz=12800;segmento_s=1.0;segmentos_por_bloco=10;segmentos_descarte=1;mfcc_janela_ms=25;mfcc_hop_ms=10;mfcc_n_mels=20;mfcc_n_coefs=13;features_commit=fb255ce;semente=20260925;aumento=deslocamento+estiramento+ruido;aumento_copias=4;aumento_modo_estir=velocidade;aumento_desloc_max_s=0.4;aumento_estir_taxas=0.95-1.05;aumento_snr_db=20.0-35.0,jung2023_acustico_0Nm_12800Hz,acc_bal_media=0.7878;sens_media=0.5756;espec_media=1.0000;acc_bal_pior_falha=0.5000;acc_bal_pior_fold=0.5000;acc_bal_bpfi_0.3mm=0.6511;acc_bal_bpfi_1.0mm=1.0000;acc_bal_bpfo_0.3mm=0.5000;acc_bal_bpfo_1.0mm=1.0000,Amanda,resultado negativo: estiramento por reamostragem desloca o espectro e derruba bpfi_0.3mm
exp023,2026-09-27,caracterizacao_assinatura,exploration/inspect_signature_spectra.py,a3da1d8,fs_hz=51200;nperseg=8192;segmento_s=1.0;z_limiar=2.0,jung2023_acustico_0Nm,deficit_bpfi_0.3mm=0.016;deficit_bpfi_1.0mm=0.004;deficit_bpfo_0.3mm=0.547;deficit_bpfo_1.0mm=0.005;dpot_db_bpfi_0.3mm=9.71;dpot_db_bpfi_1.0mm=17.56;dpot_db_bpfo_0.3mm=-0.31;dpot_db_bpfo_1.0mm=16.38,Clara,PSD assinada (sem corte em zero); diagnóstico do exp009
exp024,2026-09-27,caracterizacao_assinatura,exploration/identify_tonal_peaks.py,a3da1d8,fs_hz=51200;nperseg=262144;resolucao_hz=0.195;proeminencia_db=10.0;delta_min_db=6.0;fmin=15.0;fmax=6400.0,jung2023_acustico_0Nm,f_eixo_normal=50.197;f_eixo_bpfi_0.3mm=50.200;f_eixo_bpfi_1.0mm=50.202;f_eixo_bpfo_0.3mm=50.200;f_eixo_bpfo_1.0mm=50.204;bpfi_bpfi_0.3mm=268.33;bpfo_bpfi_0.3mm=n/id;bpfi_bpfi_1.0mm=268.25;bpfo_bpfi_1.0mm=n/id;bpfi_bpfo_0.3mm=n/id;bpfo_bpfo_0.3mm=182.65;bpfi_bpfo_1.0mm=n/id;bpfo_bpfo_1.0mm=183.39;acertos_bpfi_bpfi_0.3mm=34;acertos_bpfo_bpfi_0.3mm=16;acertos_bpfi_bpfi_1.0mm=36;acertos_bpfo_bpfi_1.0mm=18;acertos_bpfi_bpfo_0.3mm=11;acertos_bpfo_bpfo_0.3mm=26;acertos_bpfi_bpfo_1.0mm=9;acertos_bpfo_bpfo_1.0mm=35;npicos_bpfi_0.3mm=894;npicos_bpfi_1.0mm=850;npicos_bpfo_0.3mm=968;npicos_bpfo_1.0mm=893;exc_sem_rotulo_bpfi_0.3mm=0.042;exc_sem_rotulo_bpfi_1.0mm=0.040;exc_sem_rotulo_bpfo_0.3mm=0.257;exc_sem_rotulo_bpfo_1.0mm=0.108,Clara,identificação de tons; BPFI/BPFO medidas por ajuste de série harmônica
exp025,2026-09-27,caracterizacao_assinatura,exploration/confirm_bpf_envelope.py,a3da1d8,canais_vib=0/1/2/3;janelas_sk=64/128/256/512;largura_min_hz=2000.0;seg_envelope_s=4.0;f_eixo_hz=50.201;snr_min_db=6.0;tol_confirma_hz=0.5,jung2023_vibracao_0Nm+acustico_0Nm,f0_vib_A_x_bpfi_0.3mm=268.49;snr_vib_A_x_bpfi_0.3mm=49.56;conf_vib_A_x_bpfi_0.3mm=sim;f0_vib_A_x_bpfi_1.0mm=268.362;snr_vib_A_x_bpfi_1.0mm=48.88;conf_vib_A_x_bpfi_1.0mm=sim;f0_vib_A_x_bpfo_0.3mm=181.529;snr_vib_A_x_bpfo_0.3mm=11.31;conf_vib_A_x_bpfo_0.3mm=parcial;f0_vib_A_x_bpfo_1.0mm=183.616;snr_vib_A_x_bpfo_1.0mm=57.17;conf_vib_A_x_bpfo_1.0mm=sim;f0_vib_A_y_bpfi_0.3mm=268.49;snr_vib_A_y_bpfi_0.3mm=49.33;conf_vib_A_y_bpfi_0.3mm=sim;f0_vib_A_y_bpfi_1.0mm=268.362;snr_vib_A_y_bpfi_1.0mm=39.12;conf_vib_A_y_bpfi_1.0mm=sim;f0_vib_A_y_bpfo_0.3mm=181.529;snr_vib_A_y_bpfo_0.3mm=11.44;conf_vib_A_y_bpfo_0.3mm=parcial;f0_vib_A_y_bpfo_1.0mm=183.616;snr_vib_A_y_bpfo_1.0mm=41.22;conf_vib_A_y_bpfo_1.0mm=sim;f0_vib_B_x_bpfi_0.3mm=268.49;snr_vib_B_x_bpfi_0.3mm=36.61;conf_vib_B_x_bpfi_0.3mm=sim;f0_vib_B_x_bpfi_1.0mm=268.365;snr_vib_B_x_bpfi_1.0mm=31.07;conf_vib_B_x_bpfi_1.0mm=sim;f0_vib_B_x_bpfo_0.3mm=181.529;snr_vib_B_x_bpfo_0.3mm=10.65;conf_vib_B_x_bpfo_0.3mm=parcial;f0_vib_B_x_bpfo_1.0mm=183.616;snr_vib_B_x_bpfo_1.0mm=47.09;conf_vib_B_x_bpfo_1.0mm=sim;f0_vib_B_y_bpfi_0.3mm=268.49;snr_vib_B_y_bpfi_0.3mm=36.6;conf_vib_B_y_bpfi_0.3mm=sim;f0_vib_B_y_bpfi_1.0mm=268.358;snr_vib_B_y_bpfi_1.0mm=21.06;conf_vib_B_y_bpfi_1.0mm=sim;f0_vib_B_y_bpfo_0.3mm=n/id;snr_vib_B_y_bpfo_0.3mm=-1.23;conf_vib_B_y_bpfo_0.3mm=não;f0_vib_B_y_bpfo_1.0mm=179.5;snr_vib_B_y_bpfo_1.0mm=4.52;conf_vib_B_y_bpfo_1.0mm=não;f0_audio_bpfi_0.3mm=268.317;snr_audio_bpfi_0.3mm=42.76;conf_audio_bpfi_0.3mm=sim;f0_audio_bpfi_1.0mm=268.253;snr_audio_bpfi_1.0mm=34.13;conf_audio_bpfi_1.0mm=sim;f0_audio_bpfo_0.3mm=174.841;snr_audio_bpfo_0.3mm=1.18;conf_audio_bpfo_0.3mm=não;f0_audio_bpfo_1.0mm=183.399;snr_audio_bpfo_1.0mm=34.69;conf_audio_bpfo_1.0mm=sim,Clara,confirmação de BPFI/BPFO por envelope em vibração e áudio
exp026,2026-09-27,caracterizacao_assinatura,exploration/inspect_signature_mel.py,a3da1d8,fs_hz=12800;n_mels=20/40/64;nperseg_fino=65536;splits=772c8e1eb1;features=mfcc_dsp_media_desvio;features_commit=a3da1d8;norm_clipe=False,jung2023_acustico_0Nm_12800Hz,diluicao_mediana_db_bpfo_0.3mm=28.8;delta_banda_mediana_db_bpfo_0.3mm=1.0;cos20_bpfo_0.3mm=0.687;cos40_bpfo_0.3mm=0.711;cos64_bpfo_0.3mm=0.712;lda_posicao_bpfo_0.3mm=0.207;lda_fracao_falha_bpfo_0.3mm=0.000,Clara,diagnóstico do exp013/exp014; não é protocolo de validação
exp027,2026-09-28,validacao_classificador,validation/run_protocol.py,e6616a3,protocolo=A;tarefa=binario;modelo=lda;features=mfcc_dsp_media_desvio;norm_clipe=False;sem_c0=False;permutado=False;splits=772c8e1eb1;fs_hz=12800;segmento_s=1.0;segmentos_por_bloco=10;segmentos_descarte=1;mfcc_janela_ms=25;mfcc_hop_ms=10;mfcc_n_mels=20;mfcc_n_coefs=13;features_commit=e6616a3;aumento=nenhum,jung2023_acustico_0Nm_12800Hz,acc_bal_media=1.0000;acc_bal_desvio=0.0000;acc_bal_min=1.0000,Julia,"limite otimista, não conta para a meta; A oficial sem aumento"
exp028,2026-09-28,validacao_classificador,validation/run_protocol.py,e6616a3,protocolo=A;tarefa=multiclasse;modelo=lda;features=mfcc_dsp_media_desvio;norm_clipe=False;sem_c0=False;permutado=False;splits=772c8e1eb1;fs_hz=12800;segmento_s=1.0;segmentos_por_bloco=10;segmentos_descarte=1;mfcc_janela_ms=25;mfcc_hop_ms=10;mfcc_n_mels=20;mfcc_n_coefs=13;features_commit=e6616a3;aumento=nenhum,jung2023_acustico_0Nm_12800Hz,acc_bal_media=1.0000;acc_bal_desvio=0.0000;acc_bal_min=1.0000,Julia,"limite otimista, não conta para a meta; A oficial sem aumento"
exp029,2026-09-28,validacao_classificador,validation/run_protocol.py,48ff33d,protocolo=A;tarefa=binario;modelo=lda;features=mfcc_dsp_media_desvio;norm_clipe=False;sem_c0=True;permutado=False;splits=772c8e1eb1;fs_hz=12800;segmento_s=1.0;segmentos_por_bloco=10;segmentos_descarte=1;mfcc_janela_ms=25;mfcc_hop_ms=10;mfcc_n_mels=20;mfcc_n_coefs=13;features_commit=e6616a3;aumento=nenhum,jung2023_acustico_0Nm_12800Hz,acc_bal_media=1.0000;acc_bal_desvio=0.0000;acc_bal_min=1.0000,Julia,ablação do ganho: sem c0 com o MFCC oficial
exp030,2026-09-28,validacao_classificador,validation/run_protocol.py,48ff33d,protocolo=B;tarefa=binario;modelo=lda;features=mfcc_dsp_media_desvio;norm_clipe=False;sem_c0=True;permutado=False;splits=772c8e1eb1;fs_hz=12800;segmento_s=1.0;segmentos_por_bloco=10;segmentos_descarte=1;mfcc_janela_ms=25;mfcc_hop_ms=10;mfcc_n_mels=20;mfcc_n_coefs=13;features_commit=e6616a3;aumento=nenhum,jung2023_acustico_0Nm_12800Hz,acc_bal_media=0.8750;sens_media=0.7500;espec_media=1.0000;acc_bal_pior_falha=0.5000;acc_bal_pior_fold=0.5000;acc_bal_bpfi_0.3mm=1.0000;acc_bal_bpfi_1.0mm=1.0000;acc_bal_bpfo_0.3mm=0.5000;acc_bal_bpfo_1.0mm=1.0000,Julia,ablação do ganho: sem c0 com o MFCC oficial
exp031,2026-09-28,validacao_classificador,validation/run_protocol.py,1240599,protocolo=B;tarefa=binario;modelo=lda;features=mfcc_dsp_media_desvio;norm_clipe=False;sem_c0=False;permutado=True;splits=772c8e1eb1;fs_hz=12800;segmento_s=1.0;segmentos_por_bloco=10;segmentos_descarte=1;mfcc_janela_ms=25;mfcc_hop_ms=10;mfcc_n_mels=20;mfcc_n_coefs=13;features_commit=e6616a3;semente=1;aumento=nenhum,jung2023_acustico_0Nm_12800Hz,acc_bal_media=0.3315;sens_media=0.3107;espec_media=0.3523;acc_bal_pior_falha=0.1950;acc_bal_pior_fold=0.0000;acc_bal_bpfi_0.3mm=0.3344;acc_bal_bpfi_1.0mm=0.1950;acc_bal_bpfo_0.3mm=0.3207;acc_bal_bpfo_1.0mm=0.4759,Julia,"controle de permutação por bloco, sem aumento; varredura de 20 sementes"
exp032,2026-09-28,validacao_classificador,validation/run_protocol.py,1240599,protocolo=B;tarefa=binario;modelo=lda;features=mfcc_dsp_media_desvio;norm_clipe=False;sem_c0=False;permutado=True;splits=772c8e1eb1;fs_hz=12800;segmento_s=1.0;segmentos_por_bloco=10;segmentos_descarte=1;mfcc_janela_ms=25;mfcc_hop_ms=10;mfcc_n_mels=20;mfcc_n_coefs=13;features_commit=e6616a3;semente=2;aumento=nenhum,jung2023_acustico_0Nm_12800Hz,acc_bal_media=0.4178;sens_media=0.5014;espec_media=0.3343;acc_bal_pior_falha=0.2685;acc_bal_pior_fold=0.0000;acc_bal_bpfi_0.3mm=0.4750;acc_bal_bpfi_1.0mm=0.2685;acc_bal_bpfo_0.3mm=0.4538;acc_bal_bpfo_1.0mm=0.4741,Julia,"controle de permutação por bloco, sem aumento; varredura de 20 sementes"
exp033,2026-09-28,validacao_classificador,validation/run_protocol.py,1240599,protocolo=B;tarefa=binario;modelo=lda;features=mfcc_dsp_media_desvio;norm_clipe=False;sem_c0=False;permutado=True;splits=772c8e1eb1;fs_hz=12800;segmento_s=1.0;segmentos_por_bloco=10;segmentos_descarte=1;mfcc_janela_ms=25;mfcc_hop_ms=10;mfcc_n_mels=20;mfcc_n_coefs=13;features_commit=e6616a3;semente=3;aumento=nenhum,jung2023_acustico_0Nm_12800Hz,acc_bal_media=0.5561;sens_media=0.5473;espec_media=0.5648;acc_bal_pior_falha=0.4187;acc_bal_pior_fold=0.0000;acc_bal_bpfi_0.3mm=0.4676;acc_bal_bpfi_1.0mm=0.7000;acc_bal_bpfo_0.3mm=0.4187;acc_bal_bpfo_1.0mm=0.6380,Julia,"controle de permutação por bloco, sem aumento; varredura de 20 sementes"
exp034,2026-09-28,validacao_classificador,validation/run_protocol.py,1240599,protocolo=B;tarefa=binario;modelo=lda;features=mfcc_dsp_media_desvio;norm_clipe=False;sem_c0=False;permutado=True;splits=772c8e1eb1;fs_hz=12800;segmento_s=1.0;segmentos_por_bloco=10;segmentos_descarte=1;mfcc_janela_ms=25;mfcc_hop_ms=10;mfcc_n_mels=20;mfcc_n_coefs=13;features_commit=e6616a3;semente=4;aumento=nenhum,jung2023_acustico_0Nm_12800Hz,acc_bal_media=0.4357;sens_media=0.4816;espec_media=0.3898;acc_bal_pior_falha=0.2139;acc_bal_pior_fold=0.0000;acc_bal_bpfi_0.3mm=0.2139;acc_bal_bpfi_1.0mm=0.5773;acc_bal_bpfo_0.3mm=0.3588;acc_bal_bpfo_1.0mm=0.5929,Julia,"controle de permutação por bloco, sem aumento; varredura de 20 sementes"
exp035,2026-09-28,validacao_classificador,validation/run_protocol.py,1240599,protocolo=B;tarefa=binario;modelo=lda;features=mfcc_dsp_media_desvio;norm_clipe=False;sem_c0=False;permutado=True;splits=772c8e1eb1;fs_hz=12800;segmento_s=1.0;segmentos_por_bloco=10;segmentos_descarte=1;mfcc_janela_ms=25;mfcc_hop_ms=10;mfcc_n_mels=20;mfcc_n_coefs=13;features_commit=e6616a3;semente=5;aumento=nenhum,jung2023_acustico_0Nm_12800Hz,acc_bal_media=0.4139;sens_media=0.5120;espec_media=0.3157;acc_bal_pior_falha=0.1870;acc_bal_pior_fold=0.0000;acc_bal_bpfi_0.3mm=0.4382;acc_bal_bpfi_1.0mm=0.5386;acc_bal_bpfo_0.3mm=0.4917;acc_bal_bpfo_1.0mm=0.1870,Julia,"controle de permutação por bloco, sem aumento; varredura de 20 sementes"
exp036,2026-09-28,validacao_classificador,validation/run_protocol.py,1240599,protocolo=B;tarefa=binario;modelo=lda;features=mfcc_dsp_media_desvio;norm_clipe=False;sem_c0=False;permutado=True;splits=772c8e1eb1;fs_hz=12800;segmento_s=1.0;segmentos_por_bloco=10;segmentos_descarte=1;mfcc_janela_ms=25;mfcc_hop_ms=10;mfcc_n_mels=20;mfcc_n_coefs=13;features_commit=e6616a3;semente=6;aumento=nenhum,jung2023_acustico_0Nm_12800Hz,acc_bal_media=0.5111;sens_media=0.5643;espec_media=0.4579;acc_bal_pior_falha=0.2465;acc_bal_pior_fold=0.0169;acc_bal_bpfi_0.3mm=0.2465;acc_bal_bpfi_1.0mm=0.6583;acc_bal_bpfo_0.3mm=0.5306;acc_bal_bpfo_1.0mm=0.6089,Julia,"controle de permutação por bloco, sem aumento; varredura de 20 sementes"
exp037,2026-09-28,validacao_classificador,validation/run_protocol.py,1240599,protocolo=B;tarefa=binario;modelo=lda;features=mfcc_dsp_media_desvio;norm_clipe=False;sem_c0=False;permutado=True;splits=772c8e1eb1;fs_hz=12800;segmento_s=1.0;segmentos_por_bloco=10;segmentos_descarte=1;mfcc_janela_ms=25;mfcc_hop_ms=10;mfcc_n_mels=20;mfcc_n_coefs=13;features_commit=e6616a3;semente=7;aumento=nenhum,jung2023_acustico_0Nm_12800Hz,acc_bal_media=0.4736;sens_media=0.5551;espec_media=0.3921;acc_bal_pior_falha=0.4251;acc_bal_pior_fold=0.0000;acc_bal_bpfi_0.3mm=0.4251;acc_bal_bpfi_1.0mm=0.4463;acc_bal_bpfo_0.3mm=0.5083;acc_bal_bpfo_1.0mm=0.5147,Julia,"controle de permutação por bloco, sem aumento; varredura de 20 sementes"
exp038,2026-09-28,validacao_classificador,validation/run_protocol.py,1240599,protocolo=B;tarefa=binario;modelo=lda;features=mfcc_dsp_media_desvio;norm_clipe=False;sem_c0=False;permutado=True;splits=772c8e1eb1;fs_hz=12800;segmento_s=1.0;segmentos_por_bloco=10;segmentos_descarte=1;mfcc_janela_ms=25;mfcc_hop_ms=10;mfcc_n_mels=20;mfcc_n_coefs=13;features_commit=e6616a3;semente=8;aumento=nenhum,jung2023_acustico_0Nm_12800Hz,acc_bal_media=0.3472;sens_media=0.3679;espec_media=0.3264;acc_bal_pior_falha=0.2220;acc_bal_pior_fold=0.0000;acc_bal_bpfi_0.3mm=0.3314;acc_bal_bpfi_1.0mm=0.4185;acc_bal_bpfo_0.3mm=0.2220;acc_bal_bpfo_1.0mm=0.4167,Julia,"controle de permutação por bloco, sem aumento; varredura de 20 sementes"
exp039,2026-09-28,validacao_classificador,validation/run_protocol.py,1240599,protocolo=B;tarefa=binario;modelo=lda;features=mfcc_dsp_media_desvio;norm_clipe=False;sem_c0=False;permutado=True;splits=772c8e1eb1;fs_hz=12800;segmento_s=1.0;segmentos_por_bloco=10;segmentos_descarte=1;mfcc_janela_ms=25;mfcc_hop_ms=10;mfcc_n_mels=20;mfcc_n_coefs=13;features_commit=e6616a3;semente=9;aumento=nenhum,jung2023_acustico_0Nm_12800Hz,acc_bal_media=0.4824;sens_media=0.6518;espec_media=0.3130;acc_bal_pior_falha=0.3935;acc_bal_pior_fold=0.0000;acc_bal_bpfi_0.3mm=0.5023;acc_bal_bpfi_1.0mm=0.5421;acc_bal_bpfo_0.3mm=0.4917;acc_bal_bpfo_1.0mm=0.3935,Julia,"controle de permutação por bloco, sem aumento; varredura de 20 sementes"
exp040,2026-09-28,validacao_classificador,validation/run_protocol.py,1240599,protocolo=B;tarefa=binario;modelo=lda;features=mfcc_dsp_media_desvio;norm_clipe=False;sem_c0=False;permutado=True;splits=772c8e1eb1;fs_hz=12800;segmento_s=1.0;segmentos_por_bloco=10;segmentos_descarte=1;mfcc_janela_ms=25;mfcc_hop_ms=10;mfcc_n_mels=20;mfcc_n_coefs=13;features_commit=e6616a3;semente=10;aumento=nenhum,jung2023_acustico_0Nm_12800Hz,acc_bal_media=0.4853;sens_media=0.5664;espec_media=0.4042;acc_bal_pior_falha=0.3512;acc_bal_pior_fold=0.0000;acc_bal_bpfi_0.3mm=0.3819;acc_bal_bpfi_1.0mm=0.5794;acc_bal_bpfo_0.3mm=0.3512;acc_bal_bpfo_1.0mm=0.6286,Julia,"controle de permutação por bloco, sem aumento; varredura de 20 sementes"
exp041,2026-09-28,validacao_classificador,validation/run_protocol.py,1240599,protocolo=B;tarefa=binario;modelo=lda;features=mfcc_dsp_media_desvio;norm_clipe=False;sem_c0=False;permutado=True;splits=772c8e1eb1;fs_hz=12800;segmento_s=1.0;segmentos_por_bloco=10;segmentos_descarte=1;mfcc_janela_ms=25;mfcc_hop_ms=10;mfcc_n_mels=20;mfcc_n_coefs=13;features_commit=e6616a3;semente=11;aumento=nenhum,jung2023_acustico_0Nm_12800Hz,acc_bal_media=0.4271;sens_media=0.4343;espec_media=0.4199;acc_bal_pior_falha=0.3509;acc_bal_pior_fold=0.0000;acc_bal_bpfi_0.3mm=0.4907;acc_bal_bpfi_1.0mm=0.3509;acc_bal_bpfo_0.3mm=0.4048;acc_bal_bpfo_1.0mm=0.4620,Julia,"controle de permutação por bloco, sem aumento; varredura de 20 sementes"
exp042,2026-09-28,validacao_classificador,validation/run_protocol.py,1240599,protocolo=B;tarefa=binario;modelo=lda;features=mfcc_dsp_media_desvio;norm_clipe=False;sem_c0=False;permutado=True;splits=772c8e1eb1;fs_hz=12800;segmento_s=1.0;segmentos_por_bloco=10;segmentos_descarte=1;mfcc_janela_ms=25;mfcc_hop_ms=10;mfcc_n_mels=20;mfcc_n_coefs=13;features_commit=e6616a3;semente=12;aumento=nenhum,jung2023_acustico_0Nm_12800Hz,acc_bal_media=0.4967;sens_media=0.6165;espec_media=0.3769;acc_bal_pior_falha=0.3602;acc_bal_pior_fold=0.0000;acc_bal_bpfi_0.3mm=0.4370;acc_bal_bpfi_1.0mm=0.5396;acc_bal_bpfo_0.3mm=0.6500;acc_bal_bpfo_1.0mm=0.3602,Julia,"controle de permutação por bloco, sem aumento; varredura de 20 sementes"
exp043,2026-09-28,validacao_classificador,validation/run_protocol.py,1240599,protocolo=B;tarefa=binario;modelo=lda;features=mfcc_dsp_media_desvio;norm_clipe=False;sem_c0=False;permutado=True;splits=772c8e1eb1;fs_hz=12800;segmento_s=1.0;segmentos_por_bloco=10;segmentos_descarte=1;mfcc_janela_ms=25;mfcc_hop_ms=10;mfcc_n_mels=20;mfcc_n_coefs=13;features_commit=e6616a3;semente=13;aumento=nenhum,jung2023_acustico_0Nm_12800Hz,acc_bal_media=0.4973;sens_media=0.5812;espec_media=0.4134;acc_bal_pior_falha=0.4723;acc_bal_pior_fold=0.0169;acc_bal_bpfi_0.3mm=0.4861;acc_bal_bpfi_1.0mm=0.5444;acc_bal_bpfo_0.3mm=0.4865;acc_bal_bpfo_1.0mm=0.4723,Julia,"controle de permutação por bloco, sem aumento; varredura de 20 sementes"
exp044,2026-09-28,validacao_classificador,validation/run_protocol.py,1240599,protocolo=B;tarefa=binario;modelo=lda;features=mfcc_dsp_media_desvio;norm_clipe=False;sem_c0=False;permutado=True;splits=772c8e1eb1;fs_hz=12800;segmento_s=1.0;segmentos_por_bloco=10;segmentos_descarte=1;mfcc_janela_ms=25;mfcc_hop_ms=10;mfcc_n_mels=20;mfcc_n_coefs=13;features_commit=e6616a3;semente=14;aumento=nenhum,jung2023_acustico_0Nm_12800Hz,acc_bal_media=0.3383;sens_media=0.3489;espec_media=0.3278;acc_bal_pior_falha=0.2966;acc_bal_pior_fold=0.0500;acc_bal_bpfi_0.3mm=0.4097;acc_bal_bpfi_1.0mm=0.2966;acc_bal_bpfo_0.3mm=0.3479;acc_bal_bpfo_1.0mm=0.2991,Julia,"controle de permutação por bloco, sem aumento; varredura de 20 sementes"
exp045,2026-09-28,validacao_classificador,validation/run_protocol.py,1240599,protocolo=B;tarefa=binario;modelo=lda;features=mfcc_dsp_media_desvio;norm_clipe=False;sem_c0=False;permutado=True;splits=772c8e1eb1;fs_hz=12800;segmento_s=1.0;segmentos_por_bloco=10;segmentos_descarte=1;mfcc_janela_ms=25;mfcc_hop_ms=10;mfcc_n_mels=20;mfcc_n_coefs=13;features_commit=e6616a3;semente=15;aumento=nenhum,jung2023_acustico_0Nm_12800Hz,acc_bal_media=0.3471;sens_media=0.3997;espec_media=0.2944;acc_bal_pior_falha=0.1917;acc_bal_pior_fold=0.0000;acc_bal_bpfi_0.3mm=0.1917;acc_bal_bpfi_1.0mm=0.4684;acc_bal_bpfo_0.3mm=0.3949;acc_bal_bpfo_1.0mm=0.3333,Julia,"controle de permutação por bloco, sem aumento; varredura de 20 sementes"
exp046,2026-09-28,validacao_classificador,validation/run_protocol.py,1240599,protocolo=B;tarefa=binario;modelo=lda;features=mfcc_dsp_media_desvio;norm_clipe=False;sem_c0=False;permutado=True;splits=772c8e1eb1;fs_hz=12800;segmento_s=1.0;segmentos_por_bloco=10;segmentos_descarte=1;mfcc_janela_ms=25;mfcc_hop_ms=10;mfcc_n_mels=20;mfcc_n_coefs=13;features_commit=e6616a3;semente=16;aumento=nenhum,jung2023_acustico_0Nm_12800Hz,acc_bal_media=0.4126;sens_media=0.4993;espec_media=0.3259;acc_bal_pior_falha=0.3430;acc_bal_pior_fold=0.0000;acc_bal_bpfi_0.3mm=0.3430;acc_bal_bpfi_1.0mm=0.5454;acc_bal_bpfo_0.3mm=0.3870;acc_bal_bpfo_1.0mm=0.3750,Julia,"controle de permutação por bloco, sem aumento; varredura de 20 sementes"
exp047,2026-09-28,validacao_classificador,validation/run_protocol.py,1240599,protocolo=B;tarefa=binario;modelo=lda;features=mfcc_dsp_media_desvio;norm_clipe=False;sem_c0=False;permutado=True;splits=772c8e1eb1;fs_hz=12800;segmento_s=1.0;segmentos_por_bloco=10;segmentos_descarte=1;mfcc_janela_ms=25;mfcc_hop_ms=10;mfcc_n_mels=20;mfcc_n_coefs=13;features_commit=e6616a3;semente=17;aumento=nenhum,jung2023_acustico_0Nm_12800Hz,acc_bal_media=0.5218;sens_media=0.6066;espec_media=0.4370;acc_bal_pior_falha=0.3990;acc_bal_pior_fold=0.0000;acc_bal_bpfi_0.3mm=0.5894;acc_bal_bpfi_1.0mm=0.3990;acc_bal_bpfo_0.3mm=0.5667;acc_bal_bpfo_1.0mm=0.5323,Julia,"controle de permutação por bloco, sem aumento; varredura de 20 sementes"
exp048,2026-09-28,validacao_classificador,validation/run_protocol.py,1240599,protocolo=B;tarefa=binario;modelo=lda;features=mfcc_dsp_media_desvio;norm_clipe=False;sem_c0=False;permutado=True;splits=772c8e1eb1;fs_hz=12800;segmento_s=1.0;segmentos_por_bloco=10;segmentos_descarte=1;mfcc_janela_ms=25;mfcc_hop_ms=10;mfcc_n_mels=20;mfcc_n_coefs=13;features_commit=e6616a3;semente=18;aumento=nenhum,jung2023_acustico_0Nm_12800Hz,acc_bal_media=0.5280;sens_media=0.6292;espec_media=0.4269;acc_bal_pior_falha=0.4273;acc_bal_pior_fold=0.0424;acc_bal_bpfi_0.3mm=0.4972;acc_bal_bpfi_1.0mm=0.6450;acc_bal_bpfo_0.3mm=0.5426;acc_bal_bpfo_1.0mm=0.4273,Julia,"controle de permutação por bloco, sem aumento; varredura de 20 sementes"
exp049,2026-09-28,validacao_classificador,validation/run_protocol.py,1240599,protocolo=B;tarefa=binario;modelo=lda;features=mfcc_dsp_media_desvio;norm_clipe=False;sem_c0=False;permutado=True;splits=772c8e1eb1;fs_hz=12800;segmento_s=1.0;segmentos_por_bloco=10;segmentos_descarte=1;mfcc_janela_ms=25;mfcc_hop_ms=10;mfcc_n_mels=20;mfcc_n_coefs=13;features_commit=e6616a3;semente=19;aumento=nenhum,jung2023_acustico_0Nm_12800Hz,acc_bal_media=0.4939;sens_media=0.6674;espec_media=0.3204;acc_bal_pior_falha=0.4273;acc_bal_pior_fold=0.0000;acc_bal_bpfi_0.3mm=0.5167;acc_bal_bpfi_1.0mm=0.5065;acc_bal_bpfo_0.3mm=0.5250;acc_bal_bpfo_1.0mm=0.4273,Julia,"controle de permutação por bloco, sem aumento; varredura de 20 sementes"
exp050,2026-09-28,validacao_classificador,validation/run_protocol.py,1240599,protocolo=B;tarefa=binario;modelo=lda;features=mfcc_dsp_media_desvio;norm_clipe=False;sem_c0=False;permutado=True;splits=772c8e1eb1;fs_hz=12800;segmento_s=1.0;segmentos_por_bloco=10;segmentos_descarte=1;mfcc_janela_ms=25;mfcc_hop_ms=10;mfcc_n_mels=20;mfcc_n_coefs=13;features_commit=e6616a3;semente=20;aumento=nenhum,jung2023_acustico_0Nm_12800Hz,acc_bal_media=0.4378;sens_media=0.4506;espec_media=0.4250;acc_bal_pior_falha=0.3935;acc_bal_pior_fold=0.0000;acc_bal_bpfi_0.3mm=0.4336;acc_bal_bpfi_1.0mm=0.4657;acc_bal_bpfo_0.3mm=0.3935;acc_bal_bpfo_1.0mm=0.4583,Julia,"controle de permutação por bloco, sem aumento; varredura de 20 sementes"
exp051,2026-09-28,validacao_classificador,validation/run_protocol.py,1240599,protocolo=A;tarefa=binario;modelo=lda;features=mfcc_dsp_media_desvio;norm_clipe=False;sem_c0=False;permutado=False;splits=772c8e1eb1;fs_hz=12800;segmento_s=1.0;segmentos_por_bloco=10;segmentos_descarte=1;mfcc_janela_ms=25;mfcc_hop_ms=10;mfcc_n_mels=20;mfcc_n_coefs=13;features_commit=e6616a3;semente=20260925;segundos_treino=2.0;aumento=nenhum,jung2023_acustico_0Nm_12800Hz,acc_bal_media=0.8231;acc_bal_desvio=0.0905;acc_bal_min=0.6500,Julia,curva de aprendizado: 2 s de treino por classe
exp052,2026-09-28,validacao_classificador,validation/run_protocol.py,1240599,protocolo=A;tarefa=binario;modelo=lda;features=mfcc_dsp_media_desvio;norm_clipe=False;sem_c0=False;permutado=False;splits=772c8e1eb1;fs_hz=12800;segmento_s=1.0;segmentos_por_bloco=10;segmentos_descarte=1;mfcc_janela_ms=25;mfcc_hop_ms=10;mfcc_n_mels=20;mfcc_n_coefs=13;features_commit=e6616a3;semente=20260925;segundos_treino=5.0;aumento=nenhum,jung2023_acustico_0Nm_12800Hz,acc_bal_media=0.9616;acc_bal_desvio=0.0437;acc_bal_min=0.8875,Julia,curva de aprendizado: 5 s de treino por classe
exp053,2026-09-28,validacao_classificador,validation/run_protocol.py,1240599,protocolo=A;tarefa=binario;modelo=lda;features=mfcc_dsp_media_desvio;norm_clipe=False;sem_c0=False;permutado=False;splits=772c8e1eb1;fs_hz=12800;segmento_s=1.0;segmentos_por_bloco=10;segmentos_descarte=1;mfcc_janela_ms=25;mfcc_hop_ms=10;mfcc_n_mels=20;mfcc_n_coefs=13;features_commit=e6616a3;semente=20260925;segundos_treino=10.0;aumento=nenhum,jung2023_acustico_0Nm_12800Hz,acc_bal_media=0.9646;acc_bal_desvio=0.0527;acc_bal_min=0.8750,Julia,curva de aprendizado: 10 s de treino por classe
exp054,2026-09-28,validacao_classificador,validation/run_protocol.py,1240599,protocolo=A;tarefa=binario;modelo=lda;features=mfcc_dsp_media_desvio;norm_clipe=False;sem_c0=False;permutado=False;splits=772c8e1eb1;fs_hz=12800;segmento_s=1.0;segmentos_por_bloco=10;segmentos_descarte=1;mfcc_janela_ms=25;mfcc_hop_ms=10;mfcc_n_mels=20;mfcc_n_coefs=13;features_commit=e6616a3;semente=20260925;segundos_treino=30.0;aumento=nenhum,jung2023_acustico_0Nm_12800Hz,acc_bal_media=1.0000;acc_bal_desvio=0.0000;acc_bal_min=1.0000,Julia,curva de aprendizado: 30 s de treino por classe
exp055,2026-09-28,validacao_classificador,validation/run_protocol.py,1240599,protocolo=B;tarefa=binario;modelo=lda;features=mfcc_dsp_media_desvio;norm_clipe=False;sem_c0=False;permutado=False;splits=772c8e1eb1;fs_hz=12800;segmento_s=1.0;segmentos_por_bloco=10;segmentos_descarte=1;mfcc_janela_ms=25;mfcc_hop_ms=10;mfcc_n_mels=20;mfcc_n_coefs=13;features_commit=e6616a3;semente=20260925;segundos_treino=2.0;aumento=nenhum,jung2023_acustico_0Nm_12800Hz,acc_bal_media=0.8652;sens_media=0.7684;espec_media=0.9620;acc_bal_pior_falha=0.7883;acc_bal_pior_fold=0.1500;acc_bal_bpfi_0.3mm=0.8573;acc_bal_bpfi_1.0mm=0.9780;acc_bal_bpfo_0.3mm=0.7883;acc_bal_bpfo_1.0mm=0.8371,Julia,curva de aprendizado: 2 s de treino por classe
exp056,2026-09-28,validacao_classificador,validation/run_protocol.py,1240599,protocolo=B;tarefa=binario;modelo=lda;features=mfcc_dsp_media_desvio;norm_clipe=False;sem_c0=False;permutado=False;splits=772c8e1eb1;fs_hz=12800;segmento_s=1.0;segmentos_por_bloco=10;segmentos_descarte=1;mfcc_janela_ms=25;mfcc_hop_ms=10;mfcc_n_mels=20;mfcc_n_coefs=13;features_commit=e6616a3;semente=20260925;segundos_treino=5.0;aumento=nenhum,jung2023_acustico_0Nm_12800Hz,acc_bal_media=0.8242;sens_media=0.6525;espec_media=0.9958;acc_bal_pior_falha=0.5254;acc_bal_pior_fold=0.5000;acc_bal_bpfi_0.3mm=0.8644;acc_bal_bpfi_1.0mm=0.9153;acc_bal_bpfo_0.3mm=0.5254;acc_bal_bpfo_1.0mm=0.9917,Julia,curva de aprendizado: 5 s de treino por classe
exp057,2026-09-28,validacao_classificador,validation/run_protocol.py,1240599,protocolo=B;tarefa=binario;modelo=lda;features=mfcc_dsp_media_desvio;norm_clipe=False;sem_c0=False;permutado=False;splits=772c8e1eb1;fs_hz=12800;segmento_s=1.0;segmentos_por_bloco=10;segmentos_descarte=1;mfcc_janela_ms=25;mfcc_hop_ms=10;mfcc_n_mels=20;mfcc_n_coefs=13;features_commit=e6616a3;semente=20260925;segundos_treino=10.0;aumento=nenhum,jung2023_acustico_0Nm_12800Hz,acc_bal_media=0.7320;sens_media=0.4640;espec_media=1.0000;acc_bal_pior_falha=0.5890;acc_bal_pior_fold=0.5000;acc_bal_bpfi_0.3mm=0.8249;acc_bal_bpfi_1.0mm=0.8489;acc_bal_bpfo_0.3mm=0.5890;acc_bal_bpfo_1.0mm=0.6653,Julia,curva de aprendizado: 10 s de treino por classe
exp058,2026-09-28,validacao_classificador,validation/run_protocol.py,1240599,protocolo=B;tarefa=binario;modelo=lda;features=mfcc_dsp_media_desvio;norm_clipe=False;sem_c0=False;permutado=False;splits=772c8e1eb1;fs_hz=12800;segmento_s=1.0;segmentos_por_bloco=10;segmentos_descarte=1;mfcc_janela_ms=25;mfcc_hop_ms=10;mfcc_n_mels=20;mfcc_n_coefs=13;features_commit=e6616a3;semente=20260925;segundos_treino=30.0;aumento=nenhum,jung2023_acustico_0Nm_12800Hz,acc_bal_media=0.8347;sens_media=0.6695;espec_media=1.0000;acc_bal_pior_falha=0.5000;acc_bal_pior_fold=0.5000;acc_bal_bpfi_0.3mm=1.0000;acc_bal_bpfi_1.0mm=0.8390;acc_bal_bpfo_0.3mm=0.5000;acc_bal_bpfo_1.0mm=1.0000,Julia,curva de aprendizado: 30 s de treino por classe
