segmento,gravacao,indice,binario,escore,previsao
0,normal,0,normal,-1577.95867,normal
1,normal,1,normal,-1464.03603,normal
2,normal,2,normal,-1538.12374,normal
3,normal,3,normal,-1463.37696,normal
4,normal,4,normal,-1497.34883,normal
5,normal,5,normal,-1492.76129,normal
6,normal,6,normal,-1462.83472,normal
7,normal,7,normal,-1567.22592,normal
8,normal,8,normal,-1446.79223,normal
9,normal,9,normal,-1434.30495,normal
10,normal,10,normal,-1526.92693,normal
11,normal,11,normal,-1506.48834,normal
12,normal,12,normal,-1462.62323,normal
13,normal,13,normal,-1444.66048,normal
14,normal,14,normal,-1506.57638,normal
15,normal,15,normal,-1419.81682,normal
16,normal,16,normal,-1337.25041,normal
17,normal,17,normal,-1541.54301,normal
18,normal,18,normal,-1465.6162,normal
19,normal,19,normal,-1357.2073,normal
20,normal,20,normal,-1297.17932,normal
21,normal,21,normal,-1307.04674,normal
22,normal,22,normal,-1527.25366,normal
23,normal,23,normal,-1483.91641,normal
24,normal,24,normal,-1538.10006,normal
25,normal,25,normal,-1544.76479,normal
26,normal,26,normal,-1363.23047,normal
27,normal,27,normal,-1385.34349,normal
28,normal,28,normal,-1350.02932,normal
29,normal,29,normal,-1331.76767,normal
30,normal,30,normal,-1392.13252,normal
31,normal,31,normal,-1327.1724,normal
32,normal,32,normal,-1361.53022,normal
33,normal,33,normal,-1340.66981,normal
34,normal,34,normal,-1403.46451,normal
35,normal,35,normal,-1314.25419,normal
36,normal,36,normal,-1471.9218,normal
37,normal,37,normal,-1545.46416,normal
38,normal,38,normal,-1550.41471,normal
39,normal,39,normal,-1311.94771,normal
40,normal,40,normal,-1316.3089,normal
41,normal,41,normal,-1414.83834,normal
42,normal,42,normal,-1424.97796,normal
43,normal,43,normal,-1453.46039,normal
44,normal,44,normal,-1510.97209,normal
45,normal,45,normal,-1499.79308,normal
46,normal,46,normal,-1523.54335,normal
47,normal,47,normal,-1382.5427,normal
48,normal,48,normal,-1554.94127,normal
49,normal,49,normal,-1607.83735,normal
50,normal,50,normal,-1493.26662,normal
51,normal,51,normal,-1544.21172,normal
52,normal,52,normal,-1527.36787,normal
53,normal,53,normal,-1457.89382,normal
54,normal,54,normal,-1531.22958,normal
55,normal,55,normal,-1560.63185,normal
56,normal,56,normal,-1489.8226,normal
57,normal,57,normal,-1511.98047,normal
58,normal,58,normal,-1577.97932,normal
59,bpfi_0.3mm,0,falha,1395.45432,falha
60,bpfi_0.3mm,1,falha,1437.22627,falha
61,bpfi_0.3mm,2,falha,1529.51531,falha
62,bpfi_0.3mm,3,falha,1530.65292,falha
63,bpfi_0.3mm,4,falha,1512.27749,falha
64,bpfi_0.3mm,5,falha,1508.38607,falha
65,bpfi_0.3mm,6,falha,1464.62059,falha
66,bpfi_0.3mm,7,falha,1428.28337,falha
67,bpfi_0.3mm,8,falha,1488.40452,falha
68,bpfi_0.3mm,9,falha,1431.70047,falha
69,bpfi_0.3mm,10,falha,1454.70427,falha
70,bpfi_0.3mm,11,falha,1463.66585,falha
71,bpfi_0.3mm,12,falha,1405.76974,falha
72,bpfi_0.3mm,13,falha,1468.4722,falha
73,bpfi_0.3mm,14,falha,1444.26179,falha
74,bpfi_0.3mm,15,falha,1508.8825,falha
75,bpfi_0.3mm,16,falha,1467.3358,falha
76,bpfi_0.3mm,17,falha,1478.49076,falha
77,bpfi_0.3mm,18,falha,1458.06394,falha
78,bpfi_0.3mm,19,falha,1440.01988,falha
79,bpfi_0.3mm,20,falha,1510.18691,falha
80,bpfi_0.3mm,21,falha,1412.81225,falha
81,bpfi_0.3mm,22,falha,1433.0379,falha
82,bpfi_0.3mm,23,falha,1472.36099,falha
83,bpfi_0.3mm,24,falha,1435.02024,falha
84,bpfi_0.3mm,25,falha,1463.04503,falha
85,bpfi_0.3mm,26,falha,1413.90979,falha
86,bpfi_0.3mm,27,falha,1502.85579,falha
87,bpfi_0.3mm,28,falha,1466.7282,falha
88,bpfi_0.3mm,29,falha,1361.83595,falha
89,bpfi_0.3mm,30,falha,1477.39064,falha
90,bpfi_0.3mm,31,falha,1415.6305,falha
91,bpfi_0.3mm,32,falha,1469.80797,falha
92,bpfi_0.3mm,33,falha,1439.28461,falha
93,bpfi_0.3mm,34,falha,1365.11252,falha
94,bpfi_0.3mm,35,falha,1470.70423,falha
95,bpfi_0.3mm,36,falha,1436.64647,falha
96,bpfi_0.3mm,37,falha,1482.99397,falha
97,bpfi_0.3mm,38,falha,1463.7047,falha
98,bpfi_0.3mm,39,falha,1455.4766,falha
99,bpfi_0.3mm,40,falha,1464.51389,falha
100,bpfi_0.3mm,41,falha,1429.27424,falha
101,bpfi_0.3mm,42,falha,1488.68091,falha
102,bpfi_0.3mm,43,falha,1483.75318,falha
103,bpfi_0.3mm,44,falha,1498.46618,falha
104,bpfi_0.3mm,45,falha,1444.60241,falha
105,bpfi_0.3mm,46,falha,1410.13464,falha
106,bpfi_0.3mm,47,falha,1433.42506,falha
107,bpfi_0.3mm,48,falha,1395.48613,falha
108,bpfi_0.3mm,49,falha,1554.01642,falha
109,bpfi_0.3mm,50,falha,1442.34307,falha
110,bpfi_0.3mm,51,falha,1443.15528,falha
111,bpfi_0.3mm,52,falha,1500.31338,falha
112,bpfi_0.3mm,53,falha,1424.07285,falha
113,bpfi_0.3mm,54,falha,1496.4293,falha
114,bpfi_0.3mm,55,falha,1462.43248,falha
115,bpfi_0.3mm,56,falha,1516.11638,falha
116,bpfi_0.3mm,57,falha,1541.27842,falha
117,bpfi_0.3mm,58,falha,1417.02846,falha
118,bpfi_1.0mm,0,falha,1469.09355,falha
119,bpfi_1.0mm,1,falha,1436.8026,falha
120,bpfi_1.0mm,2,falha,1432.29316,falha
121,bpfi_1.0mm,3,falha,1439.77247,falha
122,bpfi_1.0mm,4,falha,1464.07388,falha
123,bpfi_1.0mm,5,falha,1444.79212,falha
124,bpfi_1.0mm,6,falha,1431.55077,falha
125,bpfi_1.0mm,7,falha,1499.11272,falha
126,bpfi_1.0mm,8,falha,1492.9817,falha
127,bpfi_1.0mm,9,falha,1494.97485,falha
128,bpfi_1.0mm,10,falha,1450.44764,falha
129,bpfi_1.0mm,11,falha,1498.88452,falha
130,bpfi_1.0mm,12,falha,1482.24409,falha
131,bpfi_1.0mm,13,falha,1498.28318,falha
132,bpfi_1.0mm,14,falha,1432.04675,falha
133,bpfi_1.0mm,15,falha,1406.63473,falha
134,bpfi_1.0mm,16,falha,1475.46532,falha
135,bpfi_1.0mm,17,falha,1395.25522,falha
136,bpfi_1.0mm,18,falha,1510.13221,falha
137,bpfi_1.0mm,19,falha,1497.42334,falha
138,bpfi_1.0mm,20,falha,1443.39264,falha
139,bpfi_1.0mm,21,falha,1446.08186,falha
140,bpfi_1.0mm,22,falha,1400.98754,falha
141,bpfi_1.0mm,23,falha,1442.96104,falha
142,bpfi_1.0mm,24,falha,1435.89244,falha
143,bpfi_1.0mm,25,falha,1391.88451,falha
144,bpfi_1.0mm,26,falha,1498.97185,falha
145,bpfi_1.0mm,27,falha,1391.1821,falha
146,bpfi_1.0mm,28,falha,1453.16805,falha
147,bpfi_1.0mm,29,falha,1469.79876,falha
148,bpfi_1.0mm,30,falha,1425.16537,falha
149,bpfi_1.0mm,31,falha,1458.46862,falha
150,bpfi_1.0mm,32,falha,1435.87599,falha
151,bpfi_1.0mm,33,falha,1512.82926,falha
152,bpfi_1.0mm,34,falha,1491.27181,falha
153,bpfi_1.0mm,35,falha,1481.14494,falha
154,bpfi_1.0mm,36,falha,1446.99938,falha
155,bpfi_1.0mm,37,falha,1395.43169,falha
156,bpfi_1.0mm,38,falha,1466.43623,falha
157,bpfi_1.0mm,39,falha,1419.18429,falha
158,bpfi_1.0mm,40,falha,1472.92715,falha
159,bpfi_1.0mm,41,falha,1486.08475,falha
160,bpfi_1.0mm,42,falha,1491.31324,falha
161,bpfi_1.0mm,43,falha,1492.58376,falha
162,bpfi_1.0mm,44,falha,1474.00848,falha
163,bpfi_1.0mm,45,falha,1513.31191,falha
164,bpfi_1.0mm,46,falha,1512.37654,falha
165,bpfi_1.0mm,47,falha,1465.88846,falha
166,bpfi_1.0mm,48,falha,1488.68968,falha
167,bpfi_1.0mm,49,falha,1396.70507,falha
168,bpfi_1.0mm,50,falha,1456.66483,falha
169,bpfi_1.0mm,51,falha,1441.85285,falha
170,bpfi_1.0mm,52,falha,1429.29146,falha
171,bpfi_1.0mm,53,falha,1454.63634,falha
172,bpfi_1.0mm,54,falha,1488.30222,falha
173,bpfi_1.0mm,55,falha,1509.51897,falha
174,bpfi_1.0mm,56,falha,1428.1404,falha
175,bpfi_1.0mm,57,falha,1409.93807,falha
176,bpfi_1.0mm,58,falha,1550.77304,falha
177,bpfo_0.3mm,0,falha,1412.33747,falha
178,bpfo_0.3mm,1,falha,1494.16025,falha
179,bpfo_0.3mm,2,falha,1487.02705,falha
180,bpfo_0.3mm,3,falha,1394.43739,falha
181,bpfo_0.3mm,4,falha,1398.48165,falha
182,bpfo_0.3mm,5,falha,1476.97208,falha
183,bpfo_0.3mm,6,falha,1469.10622,falha
184,bpfo_0.3mm,7,falha,1491.20856,falha
185,bpfo_0.3mm,8,falha,1410.96032,falha
186,bpfo_0.3mm,9,falha,1482.3991,falha
187,bpfo_0.3mm,10,falha,1336.6964,falha
188,bpfo_0.3mm,11,falha,1478.45791,falha
189,bpfo_0.3mm,12,falha,1399.36737,falha
190,bpfo_0.3mm,13,falha,1377.89933,falha
191,bpfo_0.3mm,14,falha,1465.42873,falha
192,bpfo_0.3mm,15,falha,1494.58404,falha
193,bpfo_0.3mm,16,falha,1457.40449,falha
194,bpfo_0.3mm,17,falha,1531.17873,falha
195,bpfo_0.3mm,18,falha,1318.39481,falha
196,bpfo_0.3mm,19,falha,1367.49831,falha
197,bpfo_0.3mm,20,falha,1411.55452,falha
198,bpfo_0.3mm,21,falha,1481.21286,falha
199,bpfo_0.3mm,22,falha,1461.08821,falha
200,bpfo_0.3mm,23,falha,1391.38137,falha
201,bpfo_0.3mm,24,falha,1401.67595,falha
202,bpfo_0.3mm,25,falha,1414.16367,falha
203,bpfo_0.3mm,26,falha,1394.33148,falha
204,bpfo_0.3mm,27,falha,1323.06238,falha
205,bpfo_0.3mm,28,falha,1459.43448,falha
206,bpfo_0.3mm,29,falha,1492.37453,falha
207,bpfo_0.3mm,30,falha,1518.17746,falha
208,bpfo_0.3mm,31,falha,1434.82266,falha
209,bpfo_0.3mm,32,falha,1568.84996,falha
210,bpfo_0.3mm,33,falha,1484.49626,falha
211,bpfo_0.3mm,34,falha,1535.44463,falha
212,bpfo_0.3mm,35,falha,1503.6594,falha
213,bpfo_0.3mm,36,falha,1426.9707,falha
214,bpfo_0.3mm,37,falha,1452.46246,falha
215,bpfo_0.3mm,38,falha,1476.00681,falha
216,bpfo_0.3mm,39,falha,1498.54403,falha
217,bpfo_0.3mm,40,falha,1387.07573,falha
218,bpfo_0.3mm,41,falha,1497.97734,falha
219,bpfo_0.3mm,42,falha,1476.32228,falha
220,bpfo_0.3mm,43,falha,1446.53773,falha
221,bpfo_0.3mm,44,falha,1453.43495,falha
222,bpfo_0.3mm,45,falha,1539.16546,falha
223,bpfo_0.3mm,46,falha,1397.566,falha
224,bpfo_0.3mm,47,falha,1454.14379,falha
225,bpfo_0.3mm,48,falha,1467.46668,falha
226,bpfo_0.3mm,49,falha,1458.03745,falha
227,bpfo_0.3mm,50,falha,1543.51169,falha
228,bpfo_0.3mm,51,falha,1544.27741,falha
229,bpfo_0.3mm,52,falha,1521.50841,falha
230,bpfo_0.3mm,53,falha,1376.64847,falha
231,bpfo_0.3mm,54,falha,1389.90845,falha
232,bpfo_0.3mm,55,falha,1440.75782,falha
233,bpfo_0.3mm,56,falha,1488.91283,falha
234,bpfo_0.3mm,57,falha,1536.72092,falha
235,bpfo_0.3mm,58,falha,1504.39102,falha
236,bpfo_1.0mm,0,falha,1444.39102,falha
237,bpfo_1.0mm,1,falha,1406.01923,falha
238,bpfo_1.0mm,2,falha,1436.52483,falha
239,bpfo_1.0mm,3,falha,1474.04398,falha
240,bpfo_1.0mm,4,falha,1482.97805,falha
241,bpfo_1.0mm,5,falha,1477.89445,falha
242,bpfo_1.0mm,6,falha,1406.94999,falha
243,bpfo_1.0mm,7,falha,1464.30039,falha
244,bpfo_1.0mm,8,falha,1468.38189,falha
245,bpfo_1.0mm,9,falha,1474.56424,falha
246,bpfo_1.0mm,10,falha,1460.56044,falha
247,bpfo_1.0mm,11,falha,1455.49871,falha
248,bpfo_1.0mm,12,falha,1493.55713,falha
249,bpfo_1.0mm,13,falha,1446.38096,falha
250,bpfo_1.0mm,14,falha,1440.93255,falha
251,bpfo_1.0mm,15,falha,1492.44025,falha
252,bpfo_1.0mm,16,falha,1439.02048,falha
253,bpfo_1.0mm,17,falha,1512.44679,falha
254,bpfo_1.0mm,18,falha,1483.98521,falha
255,bpfo_1.0mm,19,falha,1473.49592,falha
256,bpfo_1.0mm,20,falha,1507.53877,falha
257,bpfo_1.0mm,21,falha,1453.3247,falha
258,bpfo_1.0mm,22,falha,1481.0076,falha
259,bpfo_1.0mm,23,falha,1481.05496,falha
260,bpfo_1.0mm,24,falha,1457.75024,falha
261,bpfo_1.0mm,25,falha,1475.70129,falha
262,bpfo_1.0mm,26,falha,1474.36813,falha
263,bpfo_1.0mm,27,falha,1481.9559,falha
264,bpfo_1.0mm,28,falha,1458.20071,falha
265,bpfo_1.0mm,29,falha,1499.83921,falha
266,bpfo_1.0mm,30,falha,1499.84737,falha
267,bpfo_1.0mm,31,falha,1474.07106,falha
268,bpfo_1.0mm,32,falha,1518.4492,falha
269,bpfo_1.0mm,33,falha,1417.37314,falha
270,bpfo_1.0mm,34,falha,1435.99771,falha
271,bpfo_1.0mm,35,falha,1429.63152,falha
272,bpfo_1.0mm,36,falha,1437.13296,falha
273,bpfo_1.0mm,37,falha,1426.2412,falha
274,bpfo_1.0mm,38,falha,1426.15914,falha
275,bpfo_1.0mm,39,falha,1446.43947,falha
276,bpfo_1.0mm,40,falha,1411.91987,falha
277,bpfo_1.0mm,41,falha,1403.66473,falha
278,bpfo_1.0mm,42,falha,1421.75445,falha
279,bpfo_1.0mm,43,falha,1447.54979,falha
280,bpfo_1.0mm,44,falha,1517.36433,falha
281,bpfo_1.0mm,45,falha,1496.23339,falha
282,bpfo_1.0mm,46,falha,1489.05461,falha
283,bpfo_1.0mm,47,falha,1516.00969,falha
284,bpfo_1.0mm,48,falha,1355.73594,falha
285,bpfo_1.0mm,49,falha,1412.95636,falha
286,bpfo_1.0mm,50,falha,1378.24135,falha
287,bpfo_1.0mm,51,falha,1492.49488,falha
288,bpfo_1.0mm,52,falha,1470.84214,falha
289,bpfo_1.0mm,53,falha,1473.1359,falha
290,bpfo_1.0mm,54,falha,1501.73037,falha
291,bpfo_1.0mm,55,falha,1421.73337,falha
292,bpfo_1.0mm,56,falha,1459.85775,falha
293,bpfo_1.0mm,57,falha,1470.34098,falha
294,bpfo_1.0mm,58,falha,1490.89721,falha
